opcode_1,opcode_2
ADD,ADD
ADD,ASSIGN
ADD,ASSIGN_DIM
ADD,ASSIGN_DIM_OP
ADD,ASSIGN_OBJ
ADD,ASSIGN_OBJ_OP
ADD,ASSIGN_OP
ADD,BEGIN_SILENCE
ADD,BOOL
ADD,BOOL_NOT
ADD,BW_AND
ADD,BW_XOR
ADD,CAST
ADD,CHECK_FUNC_ARG
ADD,CONCAT
ADD,COUNT
ADD,DIV
ADD,DO_FCALL
ADD,ECHO
ADD,END_SILENCE
ADD,FETCH_CONSTANT
ADD,FETCH_DIM_IS
ADD,FETCH_DIM_R
ADD,FETCH_DIM_RW
ADD,FETCH_DIM_UNSET
ADD,FETCH_DIM_W
ADD,FETCH_IS
ADD,FETCH_LIST_R
ADD,FETCH_OBJ_IS
ADD,FETCH_OBJ_R
ADD,FETCH_OBJ_RW
ADD,FETCH_OBJ_W
ADD,FETCH_R
ADD,FETCH_RW
ADD,FETCH_UNSET
ADD,FETCH_W
ADD,FE_FREE
ADD,FE_RESET_R
ADD,FREE
ADD,INIT_ARRAY
ADD,INIT_FCALL
ADD,IN_ARRAY
ADD,IS_EQUAL
ADD,IS_IDENTICAL
ADD,IS_NOT_EQUAL
ADD,IS_SMALLER
ADD,JMPNZ
ADD,JMPNZ_EX
ADD,JMPZ
ADD,JMPZ_EX
ADD,JMP_FRAMELESS
ADD,MOD
ADD,MUL
ADD,NOP
ADD,OP_DATA
ADD,POST_INC
ADD,PRE_DEC
ADD,PRE_INC
ADD,QM_ASSIGN
ADD,RETURN
ADD,ROPE_INIT
ADD,SEND_FUNC_ARG
ADD,SEND_VAL
ADD,SEND_VAL_EX
ADD,SEND_VAR
ADD,SEND_VAR_EX
ADD,SL
ADD,SR
ADD,STRLEN
ADD,SUB
ADD,TYPE_CHECK
ADD,UNSET_DIM
ASSERT_CHECK,BOOL_NOT
ASSERT_CHECK,INIT_FCALL
ASSERT_CHECK,SEND_VAR_EX
ASSIGN,ADD
ASSIGN,ASSERT_CHECK
ASSIGN,ASSIGN
ASSIGN,ASSIGN_DIM
ASSIGN,ASSIGN_DIM_OP
ASSIGN,ASSIGN_OBJ
ASSIGN,ASSIGN_OBJ_OP
ASSIGN,ASSIGN_OBJ_REF
ASSIGN,ASSIGN_OP
ASSIGN,ASSIGN_REF
ASSIGN,BEGIN_SILENCE
ASSIGN,BIND_GLOBAL
ASSIGN,BIND_LEXICAL
ASSIGN,BIND_STATIC
ASSIGN,BOOL
ASSIGN,BOOL_NOT
ASSIGN,BW_AND
ASSIGN,BW_NOT
ASSIGN,BW_OR
ASSIGN,BW_XOR
ASSIGN,CASE
ASSIGN,CAST
ASSIGN,CHECK_FUNC_ARG
ASSIGN,CLONE
ASSIGN,COALESCE
ASSIGN,CONCAT
ASSIGN,COUNT
ASSIGN,DECLARE_CLASS
ASSIGN,DEFINED
ASSIGN,DIV
ASSIGN,DO_FCALL
ASSIGN,ECHO
ASSIGN,END_SILENCE
ASSIGN,FETCH_CLASS
ASSIGN,FETCH_CONSTANT
ASSIGN,FETCH_DIM_IS
ASSIGN,FETCH_DIM_R
ASSIGN,FETCH_DIM_RW
ASSIGN,FETCH_DIM_UNSET
ASSIGN,FETCH_DIM_W
ASSIGN,FETCH_GLOBALS
ASSIGN,FETCH_IS
ASSIGN,FETCH_LIST_R
ASSIGN,FETCH_OBJ_IS
ASSIGN,FETCH_OBJ_R
ASSIGN,FETCH_OBJ_RW
ASSIGN,FETCH_OBJ_UNSET
ASSIGN,FETCH_OBJ_W
ASSIGN,FETCH_R
ASSIGN,FETCH_RW
ASSIGN,FETCH_THIS
ASSIGN,FETCH_UNSET
ASSIGN,FETCH_W
ASSIGN,FE_FREE
ASSIGN,FE_RESET_R
ASSIGN,FE_RESET_RW
ASSIGN,FREE
ASSIGN,FUNC_GET_ARGS
ASSIGN,FUNC_NUM_ARGS
ASSIGN,GET_CLASS
ASSIGN,GET_TYPE
ASSIGN,INCLUDE_OR_EVAL
ASSIGN,INFILE
ASSIGN,INIT_ARRAY
ASSIGN,INIT_FCALL
ASSIGN,INIT_USER_CALL
ASSIGN,INSTANCEOF
ASSIGN,IN_ARRAY
ASSIGN,IS_EQUAL
ASSIGN,IS_IDENTICAL
ASSIGN,IS_NOT_EQUAL
ASSIGN,IS_SMALLER
ASSIGN,JMP
ASSIGN,JMPNZ
ASSIGN,JMPNZ_EX
ASSIGN,JMPZ
ASSIGN,JMPZ_EX
ASSIGN,JMP_FRAMELESS
ASSIGN,JMP_SET
ASSIGN,MOD
ASSIGN,MUL
ASSIGN,MYISAM
ASSIGN,NEW
ASSIGN,NOP
ASSIGN,OFF
ASSIGN,OP_DATA
ASSIGN,POST_DEC
ASSIGN,POST_INC
ASSIGN,POST_INC_OBJ
ASSIGN,PRE_DEC
ASSIGN,PRE_DEC_OBJ
ASSIGN,PRE_INC
ASSIGN,PRE_INC_OBJ
ASSIGN,QM_ASSIGN
ASSIGN,RECV
ASSIGN,RETURN
ASSIGN,RETURN_BY_REF
ASSIGN,ROPE_INIT
ASSIGN,SEND_REF
ASSIGN,SEND_UNPACK
ASSIGN,SEND_VAL
ASSIGN,SEND_VAL_EX
ASSIGN,SEND_VAR
ASSIGN,SEND_VAR_EX
ASSIGN,SL
ASSIGN,SR
ASSIGN,STRLEN
ASSIGN,SUB
ASSIGN,SWITCH_LONG
ASSIGN,SWITCH_STRING
ASSIGN,THROW
ASSIGN,TICKS
ASSIGN,TYPE_CHECK
ASSIGN,UNSET_CV
ASSIGN,UNSET_DIM
ASSIGN,UNSET_OBJ
ASSIGN,UNSET_VAR
ASSIGN,YIELD
ASSIGN_DIM,ASSIGN
ASSIGN_DIM,ASSIGN_DIM
ASSIGN_DIM,FETCH_CONSTANT
ASSIGN_DIM,JMP
ASSIGN_DIM,JMPZ
ASSIGN_DIM,OP_DATA
ASSIGN_DIM,SEND_VAL_EX
ASSIGN_DIM,SEND_VAR_EX
ASSIGN_DIM_OP,JMP
ASSIGN_DIM_OP,OP_DATA
ASSIGN_OBJ,ASSIGN_OBJ
ASSIGN_OBJ,DO_FCALL
ASSIGN_OBJ,OP_DATA
ASSIGN_OBJ,SEND_VAL_EX
ASSIGN_OBJ_OP,ASSIGN_OBJ_OP
ASSIGN_OBJ_OP,DO_FCALL
ASSIGN_OBJ_OP,OP_DATA
ASSIGN_OBJ_OP,RETURN
ASSIGN_OBJ_OP,SEND_VAL_EX
ASSIGN_OBJ_REF,OP_DATA
ASSIGN_OP,ADD
ASSIGN_OP,ASSERT_CHECK
ASSIGN_OP,ASSIGN
ASSIGN_OP,ASSIGN_DIM
ASSIGN_OP,ASSIGN_DIM_OP
ASSIGN_OP,ASSIGN_OBJ
ASSIGN_OP,ASSIGN_OBJ_OP
ASSIGN_OP,ASSIGN_OP
ASSIGN_OP,ASSIGN_REF
ASSIGN_OP,BEGIN_SILENCE
ASSIGN_OP,BIND_GLOBAL
ASSIGN_OP,BOOL
ASSIGN_OP,BOOL_NOT
ASSIGN_OP,BW_AND
ASSIGN_OP,BW_NOT
ASSIGN_OP,BW_OR
ASSIGN_OP,BW_XOR
ASSIGN_OP,CAST
ASSIGN_OP,CHECK_FUNC_ARG
ASSIGN_OP,CLONE
ASSIGN_OP,CONCAT
ASSIGN_OP,COUNT
ASSIGN_OP,DIV
ASSIGN_OP,DO_FCALL
ASSIGN_OP,ECHO
ASSIGN_OP,END_SILENCE
ASSIGN_OP,FETCH_CLASS
ASSIGN_OP,FETCH_CONSTANT
ASSIGN_OP,FETCH_DIM_IS
ASSIGN_OP,FETCH_DIM_R
ASSIGN_OP,FETCH_DIM_UNSET
ASSIGN_OP,FETCH_DIM_W
ASSIGN_OP,FETCH_IS
ASSIGN_OP,FETCH_OBJ_IS
ASSIGN_OP,FETCH_OBJ_R
ASSIGN_OP,FETCH_OBJ_RW
ASSIGN_OP,FETCH_OBJ_UNSET
ASSIGN_OP,FETCH_OBJ_W
ASSIGN_OP,FETCH_R
ASSIGN_OP,FETCH_RW
ASSIGN_OP,FETCH_THIS
ASSIGN_OP,FETCH_W
ASSIGN_OP,FE_FREE
ASSIGN_OP,FE_RESET_R
ASSIGN_OP,FREE
ASSIGN_OP,GET_CLASS
ASSIGN_OP,INCLUDE_OR_EVAL
ASSIGN_OP,INIT_ARRAY
ASSIGN_OP,INIT_FCALL
ASSIGN_OP,INSTANCEOF
ASSIGN_OP,IN_ARRAY
ASSIGN_OP,IS_EQUAL
ASSIGN_OP,IS_IDENTICAL
ASSIGN_OP,IS_NOT_EQUAL
ASSIGN_OP,IS_SMALLER
ASSIGN_OP,JMP
ASSIGN_OP,JMPNZ
ASSIGN_OP,JMPNZ_EX
ASSIGN_OP,JMPZ
ASSIGN_OP,JMPZ_EX
ASSIGN_OP,JMP_FRAMELESS
ASSIGN_OP,MOD
ASSIGN_OP,MUL
ASSIGN_OP,NEW
ASSIGN_OP,NOP
ASSIGN_OP,OP_DATA
ASSIGN_OP,POST_DEC
ASSIGN_OP,POST_INC
ASSIGN_OP,PRE_DEC
ASSIGN_OP,PRE_DEC_OBJ
ASSIGN_OP,PRE_INC
ASSIGN_OP,PRE_INC_OBJ
ASSIGN_OP,QM_ASSIGN
ASSIGN_OP,RETURN
ASSIGN_OP,ROPE_INIT
ASSIGN_OP,SEND_VAL
ASSIGN_OP,SEND_VAL_EX
ASSIGN_OP,SEND_VAR
ASSIGN_OP,SEND_VAR_EX
ASSIGN_OP,SL
ASSIGN_OP,SR
ASSIGN_OP,STRLEN
ASSIGN_OP,SUB
ASSIGN_OP,SWITCH_LONG
ASSIGN_OP,SWITCH_STRING
ASSIGN_OP,TYPE_CHECK
ASSIGN_OP,UNSET_CV
ASSIGN_OP,UNSET_DIM
ASSIGN_OP,UNSET_OBJ
ASSIGN_REF,ASSIGN
ASSIGN_REF,ASSIGN_DIM
ASSIGN_REF,ASSIGN_OBJ
ASSIGN_REF,ASSIGN_OP
ASSIGN_REF,ASSIGN_REF
ASSIGN_REF,BEGIN_SILENCE
ASSIGN_REF,BIND_GLOBAL
ASSIGN_REF,BIND_LEXICAL
ASSIGN_REF,BOOL_NOT
ASSIGN_REF,CAST
ASSIGN_REF,CHECK_FUNC_ARG
ASSIGN_REF,CONCAT
ASSIGN_REF,COUNT
ASSIGN_REF,DO_FCALL
ASSIGN_REF,FETCH_CONSTANT
ASSIGN_REF,FETCH_DIM_R
ASSIGN_REF,FETCH_DIM_W
ASSIGN_REF,FETCH_IS
ASSIGN_REF,FETCH_OBJ_IS
ASSIGN_REF,FETCH_OBJ_R
ASSIGN_REF,FETCH_OBJ_UNSET
ASSIGN_REF,FETCH_OBJ_W
ASSIGN_REF,FETCH_R
ASSIGN_REF,FETCH_THIS
ASSIGN_REF,FETCH_W
ASSIGN_REF,FE_RESET_R
ASSIGN_REF,INCLUDE_OR_EVAL
ASSIGN_REF,INIT_ARRAY
ASSIGN_REF,INIT_FCALL
ASSIGN_REF,IS_EQUAL
ASSIGN_REF,JMP
ASSIGN_REF,JMPNZ
ASSIGN_REF,JMPNZ_EX
ASSIGN_REF,JMPZ
ASSIGN_REF,JMPZ_EX
ASSIGN_REF,JMP_FRAMELESS
ASSIGN_REF,NEW
ASSIGN_REF,OP_DATA
ASSIGN_REF,PRE_INC
ASSIGN_REF,RETURN
ASSIGN_REF,RETURN_BY_REF
ASSIGN_REF,ROPE_INIT
ASSIGN_REF,SEND_VAL_EX
ASSIGN_REF,SEND_VAR
ASSIGN_REF,SEND_VAR_EX
ASSIGN_REF,SR
ASSIGN_REF,STRLEN
ASSIGN_REF,SUB
ASSIGN_REF,SWITCH_LONG
ASSIGN_REF,SWITCH_STRING
ASSIGN_REF,TYPE_CHECK
ASSIGN_REF,UNSET_CV
ASSIGN_REF,UNSET_DIM
BEGIN_SILENCE,ADD
BEGIN_SILENCE,ASSERT_CHECK
BEGIN_SILENCE,ASSIGN
BEGIN_SILENCE,ASSIGN_DIM
BEGIN_SILENCE,ASSIGN_DIM_OP
BEGIN_SILENCE,ASSIGN_OP
BEGIN_SILENCE,BEGIN_SILENCE
BEGIN_SILENCE,BOOL_NOT
BEGIN_SILENCE,CAST
BEGIN_SILENCE,CHECK_FUNC_ARG
BEGIN_SILENCE,CLONE
BEGIN_SILENCE,CONCAT
BEGIN_SILENCE,COUNT
BEGIN_SILENCE,DIV
BEGIN_SILENCE,DO_FCALL
BEGIN_SILENCE,ECHO
BEGIN_SILENCE,END_SILENCE
BEGIN_SILENCE,FETCH_CLASS
BEGIN_SILENCE,FETCH_CONSTANT
BEGIN_SILENCE,FETCH_DIM_IS
BEGIN_SILENCE,FETCH_DIM_R
BEGIN_SILENCE,FETCH_DIM_RW
BEGIN_SILENCE,FETCH_DIM_W
BEGIN_SILENCE,FETCH_IS
BEGIN_SILENCE,FETCH_OBJ_R
BEGIN_SILENCE,FETCH_R
BEGIN_SILENCE,FETCH_THIS
BEGIN_SILENCE,FETCH_W
BEGIN_SILENCE,FUNC_GET_ARGS
BEGIN_SILENCE,INCLUDE_OR_EVAL
BEGIN_SILENCE,INIT_ARRAY
BEGIN_SILENCE,INIT_FCALL
BEGIN_SILENCE,INIT_USER_CALL
BEGIN_SILENCE,IN_ARRAY
BEGIN_SILENCE,IS_NOT_EQUAL
BEGIN_SILENCE,JMPZ
BEGIN_SILENCE,JMP_FRAMELESS
BEGIN_SILENCE,JMP_SET
BEGIN_SILENCE,MUL
BEGIN_SILENCE,NEW
BEGIN_SILENCE,NOP
BEGIN_SILENCE,OP_DATA
BEGIN_SILENCE,POST_INC
BEGIN_SILENCE,PRE_INC
BEGIN_SILENCE,QM_ASSIGN
BEGIN_SILENCE,ROPE_INIT
BEGIN_SILENCE,SEND_VAL_EX
BEGIN_SILENCE,SEND_VAR
BEGIN_SILENCE,SEND_VAR_EX
BEGIN_SILENCE,STRLEN
BEGIN_SILENCE,SUB
BEGIN_SILENCE,TYPE_CHECK
BIND_GLOBAL,ASSIGN
BIND_GLOBAL,ASSIGN_DIM
BIND_GLOBAL,ASSIGN_OBJ
BIND_GLOBAL,ASSIGN_OP
BIND_GLOBAL,BEGIN_SILENCE
BIND_GLOBAL,BIND_GLOBAL
BIND_GLOBAL,BIND_STATIC
BIND_GLOBAL,BOOL
BIND_GLOBAL,BOOL_NOT
BIND_GLOBAL,BW_AND
BIND_GLOBAL,CAST
BIND_GLOBAL,CHECK_FUNC_ARG
BIND_GLOBAL,CONCAT
BIND_GLOBAL,COUNT
BIND_GLOBAL,DECLARE_CLASS
BIND_GLOBAL,DEFINED
BIND_GLOBAL,DO_FCALL
BIND_GLOBAL,ECHO
BIND_GLOBAL,FETCH_CONSTANT
BIND_GLOBAL,FETCH_DIM_IS
BIND_GLOBAL,FETCH_DIM_R
BIND_GLOBAL,FETCH_DIM_UNSET
BIND_GLOBAL,FETCH_DIM_W
BIND_GLOBAL,FETCH_GLOBALS
BIND_GLOBAL,FETCH_IS
BIND_GLOBAL,FETCH_OBJ_IS
BIND_GLOBAL,FETCH_OBJ_R
BIND_GLOBAL,FETCH_OBJ_W
BIND_GLOBAL,FETCH_R
BIND_GLOBAL,FETCH_THIS
BIND_GLOBAL,FETCH_W
BIND_GLOBAL,FE_RESET_R
BIND_GLOBAL,FUNC_GET_ARGS
BIND_GLOBAL,FUNC_NUM_ARGS
BIND_GLOBAL,INCLUDE_OR_EVAL
BIND_GLOBAL,INIT_ARRAY
BIND_GLOBAL,INIT_FCALL
BIND_GLOBAL,INSTANCEOF
BIND_GLOBAL,IN_ARRAY
BIND_GLOBAL,IS_EQUAL
BIND_GLOBAL,IS_IDENTICAL
BIND_GLOBAL,IS_NOT_EQUAL
BIND_GLOBAL,IS_SMALLER
BIND_GLOBAL,JMP
BIND_GLOBAL,JMPNZ_EX
BIND_GLOBAL,JMPZ
BIND_GLOBAL,JMPZ_EX
BIND_GLOBAL,JMP_FRAMELESS
BIND_GLOBAL,NEW
BIND_GLOBAL,NOP
BIND_GLOBAL,OP_DATA
BIND_GLOBAL,POST_INC
BIND_GLOBAL,PRE_INC
BIND_GLOBAL,QM_ASSIGN
BIND_GLOBAL,RETURN
BIND_GLOBAL,ROPE_INIT
BIND_GLOBAL,SEND_VAL_EX
BIND_GLOBAL,SEND_VAR
BIND_GLOBAL,SEND_VAR_EX
BIND_GLOBAL,STRLEN
BIND_GLOBAL,SWITCH_STRING
BIND_GLOBAL,TYPE_CHECK
BIND_GLOBAL,UNSET_CV
BIND_GLOBAL,UNSET_DIM
BIND_GLOBAL,UNSET_OBJ
BIND_LEXICAL,ASSIGN
BIND_LEXICAL,ASSIGN_DIM
BIND_LEXICAL,ASSIGN_OBJ
BIND_LEXICAL,BIND_LEXICAL
BIND_LEXICAL,FETCH_DIM_W
BIND_LEXICAL,FETCH_OBJ_W
BIND_LEXICAL,FREE
BIND_LEXICAL,INIT_ARRAY
BIND_LEXICAL,RETURN
BIND_LEXICAL,SEND_VAL
BIND_LEXICAL,SEND_VAL_EX
BIND_STATIC,ASSIGN
BIND_STATIC,ASSIGN_DIM
BIND_STATIC,ASSIGN_OBJ
BIND_STATIC,ASSIGN_REF
BIND_STATIC,BEGIN_SILENCE
BIND_STATIC,BIND_GLOBAL
BIND_STATIC,BIND_LEXICAL
BIND_STATIC,BIND_STATIC
BIND_STATIC,BOOL
BIND_STATIC,BOOL_NOT
BIND_STATIC,CAST
BIND_STATIC,CHECK_FUNC_ARG
BIND_STATIC,CONCAT
BIND_STATIC,COUNT
BIND_STATIC,DEFINED
BIND_STATIC,DO_FCALL
BIND_STATIC,ECHO
BIND_STATIC,FETCH_CLASS
BIND_STATIC,FETCH_CONSTANT
BIND_STATIC,FETCH_DIM_IS
BIND_STATIC,FETCH_DIM_R
BIND_STATIC,FETCH_DIM_RW
BIND_STATIC,FETCH_IS
BIND_STATIC,FETCH_OBJ_IS
BIND_STATIC,FETCH_OBJ_R
BIND_STATIC,FETCH_R
BIND_STATIC,FETCH_THIS
BIND_STATIC,FETCH_W
BIND_STATIC,FE_RESET_R
BIND_STATIC,FUNC_GET_ARGS
BIND_STATIC,INIT_ARRAY
BIND_STATIC,INIT_FCALL
BIND_STATIC,INIT_USER_CALL
BIND_STATIC,INSTANCEOF
BIND_STATIC,IS_EQUAL
BIND_STATIC,IS_IDENTICAL
BIND_STATIC,IS_NOT_EQUAL
BIND_STATIC,IS_SMALLER
BIND_STATIC,JMP
BIND_STATIC,JMPNZ_EX
BIND_STATIC,JMPZ
BIND_STATIC,JMPZ_EX
BIND_STATIC,JMP_FRAMELESS
BIND_STATIC,MUL
BIND_STATIC,NEW
BIND_STATIC,NOP
BIND_STATIC,OP_DATA
BIND_STATIC,PRE_INC
BIND_STATIC,RETURN
BIND_STATIC,RETURN_BY_REF
BIND_STATIC,ROPE_INIT
BIND_STATIC,SEND_VAL
BIND_STATIC,SEND_VAL_EX
BIND_STATIC,SEND_VAR
BIND_STATIC,SEND_VAR_EX
BIND_STATIC,STRLEN
BIND_STATIC,THROW
BIND_STATIC,TYPE_CHECK
BIND_STATIC,UNSET_DIM
BOOL,ASSIGN
BOOL,ASSIGN_DIM
BOOL,ASSIGN_OBJ
BOOL,ASSIGN_OP
BOOL,BEGIN_SILENCE
BOOL,BIND_GLOBAL
BOOL,BOOL
BOOL,BOOL_NOT
BOOL,BW_AND
BOOL,CAST
BOOL,CHECK_FUNC_ARG
BOOL,CONCAT
BOOL,COUNT
BOOL,DECLARE_CLASS
BOOL,DEFINED
BOOL,DO_FCALL
BOOL,ECHO
BOOL,FETCH_CONSTANT
BOOL,FETCH_DIM_IS
BOOL,FETCH_DIM_R
BOOL,FETCH_DIM_RW
BOOL,FETCH_DIM_W
BOOL,FETCH_IS
BOOL,FETCH_OBJ_IS
BOOL,FETCH_OBJ_R
BOOL,FETCH_OBJ_W
BOOL,FETCH_R
BOOL,FETCH_RW
BOOL,FETCH_THIS
BOOL,FETCH_UNSET
BOOL,FETCH_W
BOOL,FE_FREE
BOOL,FE_RESET_R
BOOL,FREE
BOOL,INCLUDE_OR_EVAL
BOOL,INIT_ARRAY
BOOL,INIT_FCALL
BOOL,IN_ARRAY
BOOL,IS_EQUAL
BOOL,IS_IDENTICAL
BOOL,IS_NOT_EQUAL
BOOL,IS_SMALLER
BOOL,JMP
BOOL,JMPNZ
BOOL,JMPNZ_EX
BOOL,JMPZ
BOOL,JMPZ_EX
BOOL,JMP_FRAMELESS
BOOL,NEW
BOOL,NOP
BOOL,OFF
BOOL,OP_DATA
BOOL,PRE_INC
BOOL,QM_ASSIGN
BOOL,RETURN
BOOL,ROPE_INIT
BOOL,SEND_UNPACK
BOOL,SEND_VAL
BOOL,SEND_VAL_EX
BOOL,SEND_VAR_EX
BOOL,STRLEN
BOOL,SUB
BOOL,SWITCH_STRING
BOOL,TYPE_CHECK
BOOL,UNSET_CV
BOOL,UNSET_DIM
BOOL_NOT,ASSIGN
BOOL_NOT,ASSIGN_DIM
BOOL_NOT,ASSIGN_OBJ
BOOL_NOT,ASSIGN_OP
BOOL_NOT,BIND_LEXICAL
BOOL_NOT,BOOL
BOOL_NOT,BOOL_NOT
BOOL_NOT,BW_AND
BOOL_NOT,CAST
BOOL_NOT,DO_FCALL
BOOL_NOT,END_SILENCE
BOOL_NOT,FETCH_DIM_R
BOOL_NOT,FETCH_DIM_W
BOOL_NOT,FETCH_OBJ_R
BOOL_NOT,FETCH_OBJ_W
BOOL_NOT,FETCH_R
BOOL_NOT,FETCH_W
BOOL_NOT,FE_FREE
BOOL_NOT,INIT_ARRAY
BOOL_NOT,IS_EQUAL
BOOL_NOT,IS_IDENTICAL
BOOL_NOT,IS_NOT_EQUAL
BOOL_NOT,IS_SMALLER
BOOL_NOT,JMPNZ
BOOL_NOT,JMPNZ_EX
BOOL_NOT,JMPZ
BOOL_NOT,JMPZ_EX
BOOL_NOT,QM_ASSIGN
BOOL_NOT,RETURN
BOOL_NOT,SEND_VAL
BOOL_NOT,SEND_VAL_EX
BOOL_NOT,TYPE_CHECK
BOOL_XOR,BOOL_NOT
BOOL_XOR,FREE
BOOL_XOR,JMPZ
BW_AND,ADD
BW_AND,ASSIGN
BW_AND,ASSIGN_DIM
BW_AND,ASSIGN_DIM_OP
BW_AND,ASSIGN_OBJ
BW_AND,ASSIGN_OP
BW_AND,BOOL
BW_AND,BOOL_NOT
BW_AND,BW_AND
BW_AND,BW_NOT
BW_AND,BW_OR
BW_AND,BW_XOR
BW_AND,CAST
BW_AND,CHECK_FUNC_ARG
BW_AND,CONCAT
BW_AND,DIV
BW_AND,ECHO
BW_AND,FETCH_CONSTANT
BW_AND,FETCH_DIM_R
BW_AND,FETCH_DIM_W
BW_AND,FETCH_OBJ_R
BW_AND,FETCH_OBJ_RW
BW_AND,FETCH_OBJ_W
BW_AND,FETCH_W
BW_AND,FREE
BW_AND,INIT_ARRAY
BW_AND,INIT_FCALL
BW_AND,IS_EQUAL
BW_AND,IS_IDENTICAL
BW_AND,IS_NOT_EQUAL
BW_AND,IS_SMALLER
BW_AND,JMPNZ
BW_AND,JMPNZ_EX
BW_AND,JMPZ
BW_AND,JMPZ_EX
BW_AND,MUL
BW_AND,OP_DATA
BW_AND,PRE_DEC
BW_AND,QM_ASSIGN
BW_AND,RETURN
BW_AND,SEND_FUNC_ARG
BW_AND,SEND_VAL
BW_AND,SEND_VAL_EX
BW_AND,SEND_VAR_EX
BW_AND,SL
BW_AND,SR
BW_AND,SUB
BW_AND,SWITCH_LONG
BW_AND,SWITCH_STRING
BW_NOT,ASSIGN
BW_NOT,ASSIGN_OBJ_OP
BW_NOT,ASSIGN_OP
BW_NOT,BOOL
BW_NOT,BW_AND
BW_NOT,BW_NOT
BW_NOT,BW_OR
BW_NOT,BW_XOR
BW_NOT,COALESCE
BW_NOT,CONCAT
BW_NOT,ECHO
BW_NOT,FETCH_CONSTANT
BW_NOT,FETCH_DIM_R
BW_NOT,FETCH_FUNC_ARG
BW_NOT,FREE
BW_NOT,IS_IDENTICAL
BW_NOT,MUL
BW_NOT,QM_ASSIGN
BW_NOT,RETURN
BW_NOT,SEND_VAL
BW_NOT,SEND_VAL_EX
BW_OR,ADD
BW_OR,ASSIGN
BW_OR,ASSIGN_DIM
BW_OR,ASSIGN_OBJ
BW_OR,ASSIGN_OP
BW_OR,BEGIN_SILENCE
BW_OR,BOOL
BW_OR,BW_AND
BW_OR,BW_NOT
BW_OR,BW_OR
BW_OR,BW_XOR
BW_OR,CAST
BW_OR,CHECK_FUNC_ARG
BW_OR,CONCAT
BW_OR,FETCH_CONSTANT
BW_OR,FETCH_DIM_R
BW_OR,FETCH_OBJ_W
BW_OR,FETCH_R
BW_OR,FETCH_W
BW_OR,FREE
BW_OR,INIT_ARRAY
BW_OR,INIT_FCALL
BW_OR,IS_IDENTICAL
BW_OR,JMPZ
BW_OR,MUL
BW_OR,OP_DATA
BW_OR,QM_ASSIGN
BW_OR,RETURN
BW_OR,SEND_VAL
BW_OR,SEND_VAL_EX
BW_OR,SL
BW_OR,SR
BW_XOR,ADD
BW_XOR,ASSIGN
BW_XOR,ASSIGN_DIM
BW_XOR,ASSIGN_DIM_OP
BW_XOR,ASSIGN_OP
BW_XOR,BOOL
BW_XOR,BW_AND
BW_XOR,BW_OR
BW_XOR,BW_XOR
BW_XOR,CAST
BW_XOR,CHECK_FUNC_ARG
BW_XOR,CONCAT
BW_XOR,ECHO
BW_XOR,FETCH_CONSTANT
BW_XOR,FETCH_DIM_R
BW_XOR,FETCH_DIM_W
BW_XOR,FETCH_OBJ_R
BW_XOR,FETCH_OBJ_W
BW_XOR,FETCH_R
BW_XOR,FETCH_RW
BW_XOR,FETCH_W
BW_XOR,INCLUDE_OR_EVAL
BW_XOR,INIT_ARRAY
BW_XOR,INIT_FCALL
BW_XOR,IS_EQUAL
BW_XOR,JMPZ
BW_XOR,JMPZ_EX
BW_XOR,MOD
BW_XOR,MUL
BW_XOR,NOP
BW_XOR,PRE_INC
BW_XOR,RETURN
BW_XOR,SEND_FUNC_ARG
BW_XOR,SEND_VAL
BW_XOR,SEND_VAL_EX
BW_XOR,SEND_VAR_EX
BW_XOR,SR
BW_XOR,STRLEN
BW_XOR,SUB
CASE,JMPNZ
CAST,ADD
CAST,ASSIGN
CAST,ASSIGN_DIM
CAST,ASSIGN_DIM_OP
CAST,ASSIGN_OBJ
CAST,ASSIGN_OBJ_OP
CAST,ASSIGN_OP
CAST,BEGIN_SILENCE
CAST,BOOL
CAST,BOOL_NOT
CAST,BW_AND
CAST,BW_XOR
CAST,CASE
CAST,CAST
CAST,CHECK_FUNC_ARG
CAST,CONCAT
CAST,COUNT
CAST,DIV
CAST,DO_FCALL
CAST,ECHO
CAST,END_SILENCE
CAST,FAST_CONCAT
CAST,FETCH_CONSTANT
CAST,FETCH_DIM_IS
CAST,FETCH_DIM_R
CAST,FETCH_DIM_W
CAST,FETCH_FUNC_ARG
CAST,FETCH_OBJ_IS
CAST,FETCH_OBJ_R
CAST,FETCH_OBJ_UNSET
CAST,FETCH_OBJ_W
CAST,FETCH_R
CAST,FETCH_RW
CAST,FETCH_W
CAST,FE_FREE
CAST,FE_RESET_R
CAST,FREE
CAST,INCLUDE_OR_EVAL
CAST,INIT_ARRAY
CAST,INIT_FCALL
CAST,IS_EQUAL
CAST,IS_IDENTICAL
CAST,IS_NOT_EQUAL
CAST,IS_SMALLER
CAST,JMPNZ_EX
CAST,JMPZ
CAST,JMPZ_EX
CAST,JMP_FRAMELESS
CAST,JMP_SET
CAST,MOD
CAST,MUL
CAST,NEW
CAST,NOP
CAST,OP_DATA
CAST,POST_INC_OBJ
CAST,QM_ASSIGN
CAST,RETURN
CAST,ROPE_ADD
CAST,ROPE_END
CAST,ROPE_INIT
CAST,SEND_ARRAY
CAST,SEND_FUNC_ARG
CAST,SEND_USER
CAST,SEND_VAL
CAST,SEND_VAL_EX
CAST,SEND_VAR
CAST,SEND_VAR_EX
CAST,SL
CAST,SR
CAST,STRLEN
CAST,SUB
CAST,SWITCH_LONG
CAST,SWITCH_STRING
CAST,TYPE_CHECK
CAST,YIELD
CATCH,ADD
CATCH,ASSIGN
CATCH,ASSIGN_DIM
CATCH,ASSIGN_OBJ
CATCH,ASSIGN_OP
CATCH,BEGIN_SILENCE
CATCH,BIND_STATIC
CATCH,BOOL
CATCH,BOOL_NOT
CATCH,CAST
CATCH,CHECK_FUNC_ARG
CATCH,CONCAT
CATCH,DEFINED
CATCH,DO_FCALL
CATCH,ECHO
CATCH,FAST_RET
CATCH,FETCH_CONSTANT
CATCH,FETCH_DIM_R
CATCH,FETCH_IS
CATCH,FETCH_OBJ_IS
CATCH,FETCH_OBJ_R
CATCH,FETCH_OBJ_W
CATCH,FETCH_THIS
CATCH,FE_FREE
CATCH,FE_RESET_R
CATCH,GET_CLASS
CATCH,INCLUDE_OR_EVAL
CATCH,INIT_ARRAY
CATCH,INIT_FCALL
CATCH,INSTANCEOF
CATCH,IS_EQUAL
CATCH,IS_IDENTICAL
CATCH,JMP
CATCH,JMPZ
CATCH,JMPZ_EX
CATCH,JMP_FRAMELESS
CATCH,NEW
CATCH,NOP
CATCH,OP_DATA
CATCH,PRE_INC
CATCH,RETURN
CATCH,ROPE_INIT
CATCH,SEND_VAL_EX
CATCH,SEND_VAR
CATCH,SEND_VAR_EX
CATCH,THROW
CATCH,TYPE_CHECK
CATCH,UNSET_CV
CATCH,UNSET_DIM
CATCH,UNSET_OBJ
CHECK_FUNC_ARG,ADD
CHECK_FUNC_ARG,BEGIN_SILENCE
CHECK_FUNC_ARG,BW_AND
CHECK_FUNC_ARG,CAST
CHECK_FUNC_ARG,CHECK_FUNC_ARG
CHECK_FUNC_ARG,CONCAT
CHECK_FUNC_ARG,COUNT
CHECK_FUNC_ARG,DIV
CHECK_FUNC_ARG,DO_FCALL
CHECK_FUNC_ARG,FETCH_CLASS
CHECK_FUNC_ARG,FETCH_CONSTANT
CHECK_FUNC_ARG,FETCH_DIM_R
CHECK_FUNC_ARG,FETCH_FUNC_ARG
CHECK_FUNC_ARG,FETCH_OBJ_R
CHECK_FUNC_ARG,FETCH_R
CHECK_FUNC_ARG,FETCH_THIS
CHECK_FUNC_ARG,INIT_FCALL
CHECK_FUNC_ARG,JMP_FRAMELESS
CHECK_FUNC_ARG,MOD
CHECK_FUNC_ARG,NEW
CHECK_FUNC_ARG,NOP
CHECK_FUNC_ARG,POST_INC
CHECK_FUNC_ARG,SEND_FUNC_ARG
CHECK_FUNC_ARG,SEND_VAL
CHECK_FUNC_ARG,SEND_VAL_EX
CHECK_FUNC_ARG,SEND_VAR_EX
CHECK_FUNC_ARG,SR
CHECK_FUNC_ARG,SUB
CLONE,ASSIGN
CLONE,ASSIGN_DIM
CLONE,ASSIGN_OBJ
CLONE,END_SILENCE
CLONE,FETCH_OBJ_W
CLONE,FETCH_W
CLONE,FE_RESET_R
CLONE,INIT_ARRAY
CLONE,QM_ASSIGN
CLONE,RETURN
CLONE,SEND_VAL
CLONE,SEND_VAL_EX
COALESCE,BEGIN_SILENCE
COALESCE,DO_FCALL
COALESCE,FETCH_CONSTANT
COALESCE,FETCH_OBJ_IS
COALESCE,FETCH_OBJ_R
COALESCE,INIT_FCALL
COALESCE,NEW
COALESCE,QM_ASSIGN
CONCAT,ADD
CONCAT,ASSIGN
CONCAT,ASSIGN_DIM
CONCAT,ASSIGN_DIM_OP
CONCAT,ASSIGN_OBJ
CONCAT,ASSIGN_OBJ_OP
CONCAT,ASSIGN_OP
CONCAT,BEGIN_SILENCE
CONCAT,BOOL
CONCAT,BOOL_NOT
CONCAT,BW_AND
CONCAT,BW_OR
CONCAT,BW_XOR
CONCAT,CASE
CONCAT,CAST
CONCAT,CHECK_FUNC_ARG
CONCAT,CONCAT
CONCAT,COUNT
CONCAT,DEFINED
CONCAT,DIV
CONCAT,DO_FCALL
CONCAT,ECHO
CONCAT,END_SILENCE
CONCAT,FETCH_CLASS
CONCAT,FETCH_CONSTANT
CONCAT,FETCH_DIM_IS
CONCAT,FETCH_DIM_R
CONCAT,FETCH_DIM_RW
CONCAT,FETCH_DIM_W
CONCAT,FETCH_FUNC_ARG
CONCAT,FETCH_GLOBALS
CONCAT,FETCH_IS
CONCAT,FETCH_LIST_R
CONCAT,FETCH_OBJ_IS
CONCAT,FETCH_OBJ_R
CONCAT,FETCH_OBJ_RW
CONCAT,FETCH_OBJ_UNSET
CONCAT,FETCH_OBJ_W
CONCAT,FETCH_R
CONCAT,FETCH_RW
CONCAT,FETCH_THIS
CONCAT,FETCH_UNSET
CONCAT,FETCH_W
CONCAT,FE_FREE
CONCAT,FE_RESET_R
CONCAT,FREE
CONCAT,GET_CLASS
CONCAT,INCLUDE_OR_EVAL
CONCAT,INIT_ARRAY
CONCAT,INIT_FCALL
CONCAT,INIT_USER_CALL
CONCAT,IN_ARRAY
CONCAT,IS_EQUAL
CONCAT,IS_IDENTICAL
CONCAT,IS_NOT_EQUAL
CONCAT,IS_SMALLER
CONCAT,JMPNZ
CONCAT,JMPNZ_EX
CONCAT,JMPZ
CONCAT,JMPZ_EX
CONCAT,JMP_FRAMELESS
CONCAT,JMP_SET
CONCAT,JOIN
CONCAT,MOD
CONCAT,MUL
CONCAT,NEW
CONCAT,NOP
CONCAT,OP_DATA
CONCAT,POST_INC
CONCAT,POST_INC_OBJ
CONCAT,PRE_DEC
CONCAT,PRE_INC
CONCAT,QM_ASSIGN
CONCAT,RETURN
CONCAT,ROPE_INIT
CONCAT,SEND_FUNC_ARG
CONCAT,SEND_UNPACK
CONCAT,SEND_USER
CONCAT,SEND_VAL
CONCAT,SEND_VAL_EX
CONCAT,SEND_VAR
CONCAT,SEND_VAR_EX
CONCAT,SR
CONCAT,STRLEN
CONCAT,SUB
CONCAT,TYPE_CHECK
CONCAT,UNSET_DIM
COUNT,ADD
COUNT,ASSIGN
COUNT,ASSIGN_DIM
COUNT,ASSIGN_OBJ
COUNT,ASSIGN_OBJ_OP
COUNT,ASSIGN_OP
COUNT,BOOL
COUNT,BOOL_NOT
COUNT,BW_AND
COUNT,CASE
COUNT,CAST
COUNT,CONCAT
COUNT,COUNT
COUNT,DIV
COUNT,DO_FCALL
COUNT,ECHO
COUNT,END_SILENCE
COUNT,FETCH_CONSTANT
COUNT,FETCH_DIM_R
COUNT,FETCH_DIM_W
COUNT,FETCH_OBJ_R
COUNT,FETCH_OBJ_UNSET
COUNT,FETCH_OBJ_W
COUNT,FETCH_R
COUNT,FETCH_W
COUNT,FREE
COUNT,INIT_ARRAY
COUNT,INIT_FCALL
COUNT,IS_EQUAL
COUNT,IS_IDENTICAL
COUNT,IS_NOT_EQUAL
COUNT,IS_SMALLER
COUNT,JMPNZ
COUNT,JMPNZ_EX
COUNT,JMPZ
COUNT,JMPZ_EX
COUNT,MOD
COUNT,MUL
COUNT,OP_DATA
COUNT,QM_ASSIGN
COUNT,RETURN
COUNT,ROPE_INIT
COUNT,SEND_VAL
COUNT,SEND_VAL_EX
COUNT,SEND_VAR_EX
COUNT,SR
COUNT,STRLEN
COUNT,SUB
COUNT,SWITCH_LONG
DECLARE_CLASS,ASSIGN
DECLARE_CLASS,ASSIGN_DIM
DECLARE_CLASS,BEGIN_SILENCE
DECLARE_CLASS,BOOL_NOT
DECLARE_CLASS,DECLARE_CLASS
DECLARE_CLASS,DO_FCALL
DECLARE_CLASS,ECHO
DECLARE_CLASS,FETCH_CONSTANT
DECLARE_CLASS,FETCH_DIM_R
DECLARE_CLASS,FETCH_IS
DECLARE_CLASS,FETCH_R
DECLARE_CLASS,FETCH_W
DECLARE_CLASS,FE_RESET_R
DECLARE_CLASS,INIT_FCALL
DECLARE_CLASS,JMP
DECLARE_CLASS,JMPZ
DECLARE_CLASS,JMP_FRAMELESS
DECLARE_CLASS,NEW
DECLARE_CLASS,RETURN
DECLARE_CLASS,SEND_VAL_EX
DECLARE_CONST,DECLARE_CONST
DECLARE_CONST,FETCH_IS
DECLARE_CONST,RETURN
DECLARE_CONST,SEND_VAL_EX
DEFINED,BOOL
DEFINED,BOOL_NOT
DEFINED,JMPNZ
DEFINED,JMPNZ_EX
DEFINED,JMPZ
DEFINED,JMPZ_EX
DEFINED,SEND_VAL_EX
DEFINED,TYPE_CHECK
DIV,ADD
DIV,ASSIGN
DIV,ASSIGN_DIM
DIV,ASSIGN_OBJ
DIV,ASSIGN_OP
DIV,CAST
DIV,CONCAT
DIV,DIV
DIV,DO_FCALL
DIV,ECHO
DIV,FETCH_CONSTANT
DIV,FETCH_DIM_R
DIV,FETCH_DIM_W
DIV,FETCH_OBJ_R
DIV,FETCH_OBJ_RW
DIV,FETCH_OBJ_W
DIV,FETCH_R
DIV,FETCH_W
DIV,INIT_ARRAY
DIV,INIT_FCALL
DIV,IS_EQUAL
DIV,IS_NOT_EQUAL
DIV,IS_SMALLER
DIV,JMPNZ
DIV,JMPNZ_EX
DIV,JMPZ
DIV,MOD
DIV,MUL
DIV,NOP
DIV,OP_DATA
DIV,QM_ASSIGN
DIV,RETURN
DIV,SEND_FUNC_ARG
DIV,SEND_VAL
DIV,SEND_VAL_EX
DIV,SEND_VAR_EX
DIV,STRLEN
DIV,SUB
DIV,TYPE_CHECK
DO_FCALL,ADD
DO_FCALL,ASSIGN
DO_FCALL,ASSIGN_DIM
DO_FCALL,ASSIGN_DIM_OP
DO_FCALL,ASSIGN_OBJ
DO_FCALL,ASSIGN_OBJ_OP
DO_FCALL,ASSIGN_OBJ_REF
DO_FCALL,ASSIGN_OP
DO_FCALL,ASSIGN_REF
DO_FCALL,BEGIN_SILENCE
DO_FCALL,BIND_GLOBAL
DO_FCALL,BIND_LEXICAL
DO_FCALL,BIND_STATIC
DO_FCALL,BOOL
DO_FCALL,BOOL_NOT
DO_FCALL,BW_AND
DO_FCALL,BW_NOT
DO_FCALL,BW_OR
DO_FCALL,BW_XOR
DO_FCALL,CASE
DO_FCALL,CAST
DO_FCALL,CHECK_FUNC_ARG
DO_FCALL,CLONE
DO_FCALL,COALESCE
DO_FCALL,CONCAT
DO_FCALL,COUNT
DO_FCALL,DECLARE_CLASS
DO_FCALL,DEFINED
DO_FCALL,DIV
DO_FCALL,DO_FCALL
DO_FCALL,ECHO
DO_FCALL,END_SILENCE
DO_FCALL,FAST_CALL
DO_FCALL,FAST_CONCAT
DO_FCALL,FAST_RET
DO_FCALL,FETCH_CLASS
DO_FCALL,FETCH_CONSTANT
DO_FCALL,FETCH_DIM_IS
DO_FCALL,FETCH_DIM_R
DO_FCALL,FETCH_DIM_RW
DO_FCALL,FETCH_DIM_UNSET
DO_FCALL,FETCH_DIM_W
DO_FCALL,FETCH_FUNC_ARG
DO_FCALL,FETCH_GLOBALS
DO_FCALL,FETCH_IS
DO_FCALL,FETCH_LIST_R
DO_FCALL,FETCH_OBJ_IS
DO_FCALL,FETCH_OBJ_R
DO_FCALL,FETCH_OBJ_RW
DO_FCALL,FETCH_OBJ_UNSET
DO_FCALL,FETCH_OBJ_W
DO_FCALL,FETCH_R
DO_FCALL,FETCH_RW
DO_FCALL,FETCH_THIS
DO_FCALL,FETCH_UNSET
DO_FCALL,FETCH_W
DO_FCALL,FE_FREE
DO_FCALL,FE_RESET_R
DO_FCALL,FE_RESET_RW
DO_FCALL,FREE
DO_FCALL,FUNC_GET_ARGS
DO_FCALL,FUNC_NUM_ARGS
DO_FCALL,GET_CLASS
DO_FCALL,INCLUDE_OR_EVAL
DO_FCALL,INIT_ARRAY
DO_FCALL,INIT_FCALL
DO_FCALL,INIT_USER_CALL
DO_FCALL,INSTANCEOF
DO_FCALL,IN_ARRAY
DO_FCALL,IS_EQUAL
DO_FCALL,IS_IDENTICAL
DO_FCALL,IS_NOT_EQUAL
DO_FCALL,IS_SMALLER
DO_FCALL,JMP
DO_FCALL,JMPNZ
DO_FCALL,JMPNZ_EX
DO_FCALL,JMPZ
DO_FCALL,JMPZ_EX
DO_FCALL,JMP_FRAMELESS
DO_FCALL,JMP_SET
DO_FCALL,MAKE_REF
DO_FCALL,MOD
DO_FCALL,MUL
DO_FCALL,NEW
DO_FCALL,NOP
DO_FCALL,OP_DATA
DO_FCALL,POST_DEC
DO_FCALL,POST_INC
DO_FCALL,PRE_DEC
DO_FCALL,PRE_DEC_OBJ
DO_FCALL,PRE_INC
DO_FCALL,PRE_INC_OBJ
DO_FCALL,QM_ASSIGN
DO_FCALL,RECV
DO_FCALL,RETURN
DO_FCALL,RETURN_BY_REF
DO_FCALL,ROPE_ADD
DO_FCALL,ROPE_END
DO_FCALL,ROPE_INIT
DO_FCALL,SEND_ARRAY
DO_FCALL,SEND_FUNC_ARG
DO_FCALL,SEND_REF
DO_FCALL,SEND_UNPACK
DO_FCALL,SEND_USER
DO_FCALL,SEND_VAL
DO_FCALL,SEND_VAL_EX
DO_FCALL,SEND_VAR
DO_FCALL,SEND_VAR_EX
DO_FCALL,SEND_VAR_NO_REF
DO_FCALL,SEPARATE
DO_FCALL,SL
DO_FCALL,SR
DO_FCALL,STRLEN
DO_FCALL,SUB
DO_FCALL,SWITCH_LONG
DO_FCALL,SWITCH_STRING
DO_FCALL,THROW
DO_FCALL,TICKS
DO_FCALL,TYPE_CHECK
DO_FCALL,UNSET_CV
DO_FCALL,UNSET_DIM
DO_FCALL,UNSET_OBJ
DO_FCALL,UNSET_VAR
DO_FCALL,YIELD
DO_ICALL,ADD
DO_ICALL,ASSERT_CHECK
DO_ICALL,ASSIGN
DO_ICALL,ASSIGN_DIM
DO_ICALL,ASSIGN_DIM_OP
DO_ICALL,ASSIGN_OBJ
DO_ICALL,ASSIGN_OBJ_OP
DO_ICALL,ASSIGN_OP
DO_ICALL,BEGIN_SILENCE
DO_ICALL,BIND_GLOBAL
DO_ICALL,BIND_STATIC
DO_ICALL,BOOL
DO_ICALL,BOOL_NOT
DO_ICALL,BW_AND
DO_ICALL,BW_NOT
DO_ICALL,BW_OR
DO_ICALL,BW_XOR
DO_ICALL,CASE
DO_ICALL,CAST
DO_ICALL,CHECK_FUNC_ARG
DO_ICALL,CONCAT
DO_ICALL,COUNT
DO_ICALL,DECLARE_CLASS
DO_ICALL,DECLARE_CONST
DO_ICALL,DEFINED
DO_ICALL,DIV
DO_ICALL,DO_FCALL
DO_ICALL,ECHO
DO_ICALL,END_SILENCE
DO_ICALL,FETCH_CLASS
DO_ICALL,FETCH_CONSTANT
DO_ICALL,FETCH_DIM_IS
DO_ICALL,FETCH_DIM_R
DO_ICALL,FETCH_DIM_RW
DO_ICALL,FETCH_DIM_UNSET
DO_ICALL,FETCH_DIM_W
DO_ICALL,FETCH_FUNC_ARG
DO_ICALL,FETCH_IS
DO_ICALL,FETCH_LIST_R
DO_ICALL,FETCH_OBJ_IS
DO_ICALL,FETCH_OBJ_R
DO_ICALL,FETCH_OBJ_RW
DO_ICALL,FETCH_OBJ_UNSET
DO_ICALL,FETCH_OBJ_W
DO_ICALL,FETCH_R
DO_ICALL,FETCH_RW
DO_ICALL,FETCH_THIS
DO_ICALL,FETCH_UNSET
DO_ICALL,FETCH_W
DO_ICALL,FE_FREE
DO_ICALL,FE_RESET_R
DO_ICALL,FE_RESET_RW
DO_ICALL,FREE
DO_ICALL,FUNC_GET_ARGS
DO_ICALL,FUNC_NUM_ARGS
DO_ICALL,GET_CLASS
DO_ICALL,INCLUDE_OR_EVAL
DO_ICALL,INIT_ARRAY
DO_ICALL,INIT_FCALL
DO_ICALL,INIT_USER_CALL
DO_ICALL,INSTANCEOF
DO_ICALL,IN_ARRAY
DO_ICALL,IS_EQUAL
DO_ICALL,IS_IDENTICAL
DO_ICALL,IS_NOT_EQUAL
DO_ICALL,IS_SMALLER
DO_ICALL,JMP
DO_ICALL,JMPNZ
DO_ICALL,JMPNZ_EX
DO_ICALL,JMPZ
DO_ICALL,JMPZ_EX
DO_ICALL,JMP_FRAMELESS
DO_ICALL,JMP_SET
DO_ICALL,MOD
DO_ICALL,MUL
DO_ICALL,NEW
DO_ICALL,NOP
DO_ICALL,OFF
DO_ICALL,OP_DATA
DO_ICALL,POST_DEC
DO_ICALL,POST_INC
DO_ICALL,PRE_DEC
DO_ICALL,PRE_DEC_OBJ
DO_ICALL,PRE_INC
DO_ICALL,PRE_INC_OBJ
DO_ICALL,QM_ASSIGN
DO_ICALL,RETURN
DO_ICALL,RETURN_BY_REF
DO_ICALL,ROPE_INIT
DO_ICALL,SEND_ARRAY
DO_ICALL,SEND_FUNC_ARG
DO_ICALL,SEND_USER
DO_ICALL,SEND_VAL
DO_ICALL,SEND_VAL_EX
DO_ICALL,SEND_VAR
DO_ICALL,SEND_VAR_EX
DO_ICALL,SEND_VAR_NO_REF
DO_ICALL,SEPARATE
DO_ICALL,SL
DO_ICALL,SR
DO_ICALL,STRLEN
DO_ICALL,SUB
DO_ICALL,SWITCH_LONG
DO_ICALL,SWITCH_STRING
DO_ICALL,THROW
DO_ICALL,TICKS
DO_ICALL,TYPE_CHECK
DO_ICALL,UNSET_CV
DO_ICALL,UNSET_DIM
DO_ICALL,UNSET_OBJ
ECHO,ADD
ECHO,ASSERT_CHECK
ECHO,ASSIGN
ECHO,ASSIGN_DIM
ECHO,ASSIGN_OBJ
ECHO,ASSIGN_OP
ECHO,BEGIN_SILENCE
ECHO,BIND_GLOBAL
ECHO,BOOL
ECHO,BOOL_NOT
ECHO,BW_AND
ECHO,BW_XOR
ECHO,CAST
ECHO,CHECK_FUNC_ARG
ECHO,CONCAT
ECHO,COUNT
ECHO,DECLARE_CLASS
ECHO,DEFINED
ECHO,DIV
ECHO,DO_FCALL
ECHO,ECHO
ECHO,END_SILENCE
ECHO,FETCH_CLASS
ECHO,FETCH_CONSTANT
ECHO,FETCH_DIM_IS
ECHO,FETCH_DIM_R
ECHO,FETCH_DIM_RW
ECHO,FETCH_DIM_UNSET
ECHO,FETCH_DIM_W
ECHO,FETCH_IS
ECHO,FETCH_OBJ_IS
ECHO,FETCH_OBJ_R
ECHO,FETCH_OBJ_UNSET
ECHO,FETCH_OBJ_W
ECHO,FETCH_R
ECHO,FETCH_RW
ECHO,FETCH_THIS
ECHO,FETCH_UNSET
ECHO,FETCH_W
ECHO,FE_FREE
ECHO,FE_RESET_R
ECHO,FE_RESET_RW
ECHO,FREE
ECHO,FUNC_GET_ARGS
ECHO,GET_CLASS
ECHO,IMAGE
ECHO,IN
ECHO,INCLUDE_OR_EVAL
ECHO,INIT_ARRAY
ECHO,INIT_FCALL
ECHO,INSTANCEOF
ECHO,IN_ARRAY
ECHO,IS_EQUAL
ECHO,IS_IDENTICAL
ECHO,IS_NOT_EQUAL
ECHO,IS_SMALLER
ECHO,JMP
ECHO,JMPNZ
ECHO,JMPNZ_EX
ECHO,JMPZ
ECHO,JMPZ_EX
ECHO,JMP_FRAMELESS
ECHO,MOD
ECHO,MUL
ECHO,NEW
ECHO,NOP
ECHO,OP_DATA
ECHO,POST_DEC
ECHO,POST_INC
ECHO,PRE_DEC
ECHO,PRE_INC
ECHO,QM_ASSIGN
ECHO,RETURN
ECHO,ROPE_INIT
ECHO,SEND_VAL
ECHO,SEND_VAL_EX
ECHO,SEND_VAR
ECHO,SEND_VAR_EX
ECHO,STRLEN
ECHO,SUB
ECHO,SWITCH_STRING
ECHO,TICKS
ECHO,TYPE_CHECK
ECHO,UNSET_CV
ECHO,UNSET_DIM
ECHO,UNSET_OBJ
ECHO,UNSET_VAR
END_SILENCE,ADD
END_SILENCE,ASSERT_CHECK
END_SILENCE,ASSIGN
END_SILENCE,ASSIGN_DIM
END_SILENCE,ASSIGN_OBJ
END_SILENCE,ASSIGN_OP
END_SILENCE,BEGIN_SILENCE
END_SILENCE,BIND_GLOBAL
END_SILENCE,BOOL
END_SILENCE,BOOL_NOT
END_SILENCE,BW_AND
END_SILENCE,BW_OR
END_SILENCE,BW_XOR
END_SILENCE,CAST
END_SILENCE,CHECK_FUNC_ARG
END_SILENCE,CONCAT
END_SILENCE,COUNT
END_SILENCE,DECLARE_CLASS
END_SILENCE,DEFINED
END_SILENCE,DIV
END_SILENCE,DO_FCALL
END_SILENCE,ECHO
END_SILENCE,END_SILENCE
END_SILENCE,FAST_RET
END_SILENCE,FETCH_CONSTANT
END_SILENCE,FETCH_DIM_R
END_SILENCE,FETCH_DIM_W
END_SILENCE,FETCH_IS
END_SILENCE,FETCH_LIST_R
END_SILENCE,FETCH_OBJ_IS
END_SILENCE,FETCH_OBJ_R
END_SILENCE,FETCH_OBJ_UNSET
END_SILENCE,FETCH_OBJ_W
END_SILENCE,FETCH_R
END_SILENCE,FETCH_RW
END_SILENCE,FETCH_THIS
END_SILENCE,FETCH_UNSET
END_SILENCE,FETCH_W
END_SILENCE,FE_FREE
END_SILENCE,FE_RESET_R
END_SILENCE,FREE
END_SILENCE,INCLUDE_OR_EVAL
END_SILENCE,INIT_ARRAY
END_SILENCE,INIT_FCALL
END_SILENCE,INSTANCEOF
END_SILENCE,IN_ARRAY
END_SILENCE,IS_EQUAL
END_SILENCE,IS_IDENTICAL
END_SILENCE,IS_NOT_EQUAL
END_SILENCE,IS_SMALLER
END_SILENCE,JMP
END_SILENCE,JMPNZ
END_SILENCE,JMPNZ_EX
END_SILENCE,JMPZ
END_SILENCE,JMPZ_EX
END_SILENCE,JMP_FRAMELESS
END_SILENCE,JMP_SET
END_SILENCE,MUL
END_SILENCE,NEW
END_SILENCE,NOP
END_SILENCE,OP_DATA
END_SILENCE,PRE_DEC
END_SILENCE,PRE_INC
END_SILENCE,QM_ASSIGN
END_SILENCE,RETURN
END_SILENCE,ROPE_INIT
END_SILENCE,SEND_FUNC_ARG
END_SILENCE,SEND_VAL
END_SILENCE,SEND_VAL_EX
END_SILENCE,SEND_VAR
END_SILENCE,SEND_VAR_EX
END_SILENCE,SEND_VAR_NO_REF
END_SILENCE,SL
END_SILENCE,SR
END_SILENCE,STRLEN
END_SILENCE,SUB
END_SILENCE,SWITCH_STRING
END_SILENCE,TYPE_CHECK
END_SILENCE,UNSET_CV
END_SILENCE,UNSET_DIM
FAST_CALL,JMP
FAST_CALL,RETURN
FAST_CONCAT,ADD
FAST_CONCAT,ASSIGN
FAST_CONCAT,ASSIGN_DIM
FAST_CONCAT,ASSIGN_DIM_OP
FAST_CONCAT,ASSIGN_OBJ
FAST_CONCAT,ASSIGN_OBJ_OP
FAST_CONCAT,ASSIGN_OP
FAST_CONCAT,BEGIN_SILENCE
FAST_CONCAT,BOOL
FAST_CONCAT,BOOL_NOT
FAST_CONCAT,CAST
FAST_CONCAT,CHECK_FUNC_ARG
FAST_CONCAT,CONCAT
FAST_CONCAT,COUNT
FAST_CONCAT,DO_FCALL
FAST_CONCAT,ECHO
FAST_CONCAT,FETCH_CONSTANT
FAST_CONCAT,FETCH_DIM_IS
FAST_CONCAT,FETCH_DIM_R
FAST_CONCAT,FETCH_DIM_RW
FAST_CONCAT,FETCH_DIM_W
FAST_CONCAT,FETCH_IS
FAST_CONCAT,FETCH_OBJ_R
FAST_CONCAT,FETCH_OBJ_W
FAST_CONCAT,FETCH_R
FAST_CONCAT,FETCH_RW
FAST_CONCAT,FETCH_UNSET
FAST_CONCAT,FETCH_W
FAST_CONCAT,FE_RESET_R
FAST_CONCAT,INCLUDE_OR_EVAL
FAST_CONCAT,INIT_ARRAY
FAST_CONCAT,INIT_FCALL
FAST_CONCAT,INIT_USER_CALL
FAST_CONCAT,IS_EQUAL
FAST_CONCAT,IS_IDENTICAL
FAST_CONCAT,IS_NOT_EQUAL
FAST_CONCAT,IS_SMALLER
FAST_CONCAT,JMPZ
FAST_CONCAT,JMPZ_EX
FAST_CONCAT,JMP_FRAMELESS
FAST_CONCAT,MUL
FAST_CONCAT,NOP
FAST_CONCAT,OP_DATA
FAST_CONCAT,POST_INC
FAST_CONCAT,QM_ASSIGN
FAST_CONCAT,RETURN
FAST_CONCAT,ROPE_INIT
FAST_CONCAT,SEND_FUNC_ARG
FAST_CONCAT,SEND_VAL
FAST_CONCAT,SEND_VAL_EX
FAST_CONCAT,SEND_VAR_EX
FAST_CONCAT,STRLEN
FAST_CONCAT,SUB
FAST_CONCAT,TYPE_CHECK
FAST_RET,DO_FCALL
FAST_RET,FE_RESET_R
FAST_RET,INSTANCEOF
FAST_RET,JMP
FAST_RET,RETURN
FAST_RET,SEND_VAL_EX
FETCH_CLASS,CHECK_FUNC_ARG
FETCH_CLASS,CONCAT
FETCH_CLASS,DO_FCALL
FETCH_CLASS,FETCH_DIM_R
FETCH_CLASS,FETCH_OBJ_R
FETCH_CLASS,FETCH_THIS
FETCH_CLASS,INIT_ARRAY
FETCH_CLASS,INSTANCEOF
FETCH_CLASS,IS_EQUAL
FETCH_CLASS,IS_SMALLER
FETCH_CLASS,JMPZ
FETCH_CLASS,JMP_FRAMELESS
FETCH_CLASS,MUL
FETCH_CLASS,NEW
FETCH_CLASS,OP_DATA
FETCH_CLASS,QM_ASSIGN
FETCH_CLASS,RETURN
FETCH_CLASS,SEND_FUNC_ARG
FETCH_CLASS,SEND_UNPACK
FETCH_CLASS,SEND_VAL_EX
FETCH_CLASS,SEND_VAR_EX
FETCH_CLASS,STRLEN
FETCH_CONSTANT,ADD
FETCH_CONSTANT,ASSIGN
FETCH_CONSTANT,ASSIGN_DIM
FETCH_CONSTANT,ASSIGN_OBJ
FETCH_CONSTANT,ASSIGN_OBJ_OP
FETCH_CONSTANT,ASSIGN_OP
FETCH_CONSTANT,BEGIN_SILENCE
FETCH_CONSTANT,BIND_LEXICAL
FETCH_CONSTANT,BIND_STATIC
FETCH_CONSTANT,BOOL
FETCH_CONSTANT,BOOL_NOT
FETCH_CONSTANT,BW_AND
FETCH_CONSTANT,BW_NOT
FETCH_CONSTANT,BW_OR
FETCH_CONSTANT,BW_XOR
FETCH_CONSTANT,CASE
FETCH_CONSTANT,CAST
FETCH_CONSTANT,CHECK_FUNC_ARG
FETCH_CONSTANT,COALESCE
FETCH_CONSTANT,CONCAT
FETCH_CONSTANT,COUNT
FETCH_CONSTANT,DIV
FETCH_CONSTANT,DO_FCALL
FETCH_CONSTANT,ECHO
FETCH_CONSTANT,END_SILENCE
FETCH_CONSTANT,FETCH_CONSTANT
FETCH_CONSTANT,FETCH_DIM_IS
FETCH_CONSTANT,FETCH_DIM_R
FETCH_CONSTANT,FETCH_DIM_RW
FETCH_CONSTANT,FETCH_DIM_UNSET
FETCH_CONSTANT,FETCH_DIM_W
FETCH_CONSTANT,FETCH_FUNC_ARG
FETCH_CONSTANT,FETCH_IS
FETCH_CONSTANT,FETCH_OBJ_IS
FETCH_CONSTANT,FETCH_OBJ_R
FETCH_CONSTANT,FETCH_OBJ_RW
FETCH_CONSTANT,FETCH_OBJ_W
FETCH_CONSTANT,FETCH_R
FETCH_CONSTANT,FETCH_RW
FETCH_CONSTANT,FETCH_UNSET
FETCH_CONSTANT,FETCH_W
FETCH_CONSTANT,FE_RESET_R
FETCH_CONSTANT,FREE
FETCH_CONSTANT,INCLUDE_OR_EVAL
FETCH_CONSTANT,INIT_ARRAY
FETCH_CONSTANT,INIT_FCALL
FETCH_CONSTANT,INIT_USER_CALL
FETCH_CONSTANT,IN_ARRAY
FETCH_CONSTANT,IS_EQUAL
FETCH_CONSTANT,IS_IDENTICAL
FETCH_CONSTANT,IS_NOT_EQUAL
FETCH_CONSTANT,IS_SMALLER
FETCH_CONSTANT,JMPNZ
FETCH_CONSTANT,JMPNZ_EX
FETCH_CONSTANT,JMPZ
FETCH_CONSTANT,JMPZ_EX
FETCH_CONSTANT,JMP_FRAMELESS
FETCH_CONSTANT,JMP_SET
FETCH_CONSTANT,MOD
FETCH_CONSTANT,MUL
FETCH_CONSTANT,NOP
FETCH_CONSTANT,OP_DATA
FETCH_CONSTANT,QM_ASSIGN
FETCH_CONSTANT,RETURN
FETCH_CONSTANT,ROPE_INIT
FETCH_CONSTANT,SEND_FUNC_ARG
FETCH_CONSTANT,SEND_USER
FETCH_CONSTANT,SEND_VAL
FETCH_CONSTANT,SEND_VAL_EX
FETCH_CONSTANT,SEND_VAR_EX
FETCH_CONSTANT,SL
FETCH_CONSTANT,STRLEN
FETCH_CONSTANT,SUB
FETCH_CONSTANT,SWITCH_STRING
FETCH_CONSTANT,TYPE_CHECK
FETCH_CONSTANT,UNSET_DIM
FETCH_DIM_IS,ASSIGN
FETCH_DIM_IS,ASSIGN_OBJ
FETCH_DIM_IS,BOOL
FETCH_DIM_IS,BOOL_NOT
FETCH_DIM_IS,COALESCE
FETCH_DIM_IS,END_SILENCE
FETCH_DIM_IS,FETCH_DIM_IS
FETCH_DIM_IS,FETCH_OBJ_IS
FETCH_DIM_IS,JMPNZ
FETCH_DIM_IS,JMPNZ_EX
FETCH_DIM_IS,JMPZ
FETCH_DIM_IS,JMPZ_EX
FETCH_DIM_IS,QM_ASSIGN
FETCH_DIM_IS,RETURN
FETCH_DIM_IS,SEND_VAL
FETCH_DIM_IS,SEND_VAL_EX
FETCH_DIM_IS,TYPE_CHECK
FETCH_DIM_R,ADD
FETCH_DIM_R,ASSIGN
FETCH_DIM_R,ASSIGN_DIM
FETCH_DIM_R,ASSIGN_DIM_OP
FETCH_DIM_R,ASSIGN_OBJ
FETCH_DIM_R,ASSIGN_OBJ_OP
FETCH_DIM_R,ASSIGN_OP
FETCH_DIM_R,BEGIN_SILENCE
FETCH_DIM_R,BOOL
FETCH_DIM_R,BOOL_NOT
FETCH_DIM_R,BOOL_XOR
FETCH_DIM_R,BW_AND
FETCH_DIM_R,BW_NOT
FETCH_DIM_R,BW_OR
FETCH_DIM_R,BW_XOR
FETCH_DIM_R,CASE
FETCH_DIM_R,CAST
FETCH_DIM_R,CHECK_FUNC_ARG
FETCH_DIM_R,CLONE
FETCH_DIM_R,CONCAT
FETCH_DIM_R,COUNT
FETCH_DIM_R,DIV
FETCH_DIM_R,DO_FCALL
FETCH_DIM_R,ECHO
FETCH_DIM_R,END_SILENCE
FETCH_DIM_R,FAST_CONCAT
FETCH_DIM_R,FETCH_CLASS
FETCH_DIM_R,FETCH_CONSTANT
FETCH_DIM_R,FETCH_DIM_IS
FETCH_DIM_R,FETCH_DIM_R
FETCH_DIM_R,FETCH_DIM_RW
FETCH_DIM_R,FETCH_DIM_UNSET
FETCH_DIM_R,FETCH_DIM_W
FETCH_DIM_R,FETCH_FUNC_ARG
FETCH_DIM_R,FETCH_IS
FETCH_DIM_R,FETCH_LIST_R
FETCH_DIM_R,FETCH_OBJ_IS
FETCH_DIM_R,FETCH_OBJ_R
FETCH_DIM_R,FETCH_OBJ_RW
FETCH_DIM_R,FETCH_OBJ_UNSET
FETCH_DIM_R,FETCH_OBJ_W
FETCH_DIM_R,FETCH_R
FETCH_DIM_R,FETCH_RW
FETCH_DIM_R,FETCH_THIS
FETCH_DIM_R,FETCH_UNSET
FETCH_DIM_R,FETCH_W
FETCH_DIM_R,FE_FREE
FETCH_DIM_R,FE_RESET_R
FETCH_DIM_R,FREE
FETCH_DIM_R,GET_CLASS
FETCH_DIM_R,GET_TYPE
FETCH_DIM_R,INCLUDE_OR_EVAL
FETCH_DIM_R,INIT_ARRAY
FETCH_DIM_R,INIT_FCALL
FETCH_DIM_R,INIT_USER_CALL
FETCH_DIM_R,INSTANCEOF
FETCH_DIM_R,IN_ARRAY
FETCH_DIM_R,IS_EQUAL
FETCH_DIM_R,IS_IDENTICAL
FETCH_DIM_R,IS_NOT_EQUAL
FETCH_DIM_R,IS_SMALLER
FETCH_DIM_R,JMPNZ
FETCH_DIM_R,JMPNZ_EX
FETCH_DIM_R,JMPZ
FETCH_DIM_R,JMPZ_EX
FETCH_DIM_R,JMP_FRAMELESS
FETCH_DIM_R,JMP_SET
FETCH_DIM_R,MOD
FETCH_DIM_R,MUL
FETCH_DIM_R,NEW
FETCH_DIM_R,NOP
FETCH_DIM_R,OP_DATA
FETCH_DIM_R,POST_INC
FETCH_DIM_R,PRE_INC
FETCH_DIM_R,QM_ASSIGN
FETCH_DIM_R,RETURN
FETCH_DIM_R,ROPE_ADD
FETCH_DIM_R,ROPE_END
FETCH_DIM_R,ROPE_INIT
FETCH_DIM_R,SEND_ARRAY
FETCH_DIM_R,SEND_FUNC_ARG
FETCH_DIM_R,SEND_USER
FETCH_DIM_R,SEND_VAL
FETCH_DIM_R,SEND_VAL_EX
FETCH_DIM_R,SEND_VAR_EX
FETCH_DIM_R,SL
FETCH_DIM_R,SR
FETCH_DIM_R,STRLEN
FETCH_DIM_R,SUB
FETCH_DIM_R,SWITCH_LONG
FETCH_DIM_R,SWITCH_STRING
FETCH_DIM_R,THROW
FETCH_DIM_R,TYPE_CHECK
FETCH_DIM_R,UNSET_DIM
FETCH_DIM_RW,ASSIGN_DIM_OP
FETCH_DIM_RW,ASSIGN_OBJ_OP
FETCH_DIM_RW,FETCH_DIM_RW
FETCH_DIM_RW,FETCH_OBJ_RW
FETCH_DIM_RW,POST_DEC
FETCH_DIM_RW,POST_INC
FETCH_DIM_RW,PRE_DEC
FETCH_DIM_RW,PRE_INC
FETCH_DIM_UNSET,FETCH_DIM_UNSET
FETCH_DIM_UNSET,FETCH_OBJ_UNSET
FETCH_DIM_UNSET,UNSET_DIM
FETCH_DIM_UNSET,UNSET_OBJ
FETCH_DIM_W,ASSIGN_DIM
FETCH_DIM_W,ASSIGN_OBJ
FETCH_DIM_W,ASSIGN_OBJ_REF
FETCH_DIM_W,ASSIGN_REF
FETCH_DIM_W,FETCH_DIM_W
FETCH_DIM_W,FETCH_OBJ_W
FETCH_DIM_W,FE_RESET_RW
FETCH_DIM_W,INIT_ARRAY
FETCH_DIM_W,MAKE_REF
FETCH_DIM_W,RETURN_BY_REF
FETCH_DIM_W,SEND_REF
FETCH_DIM_W,SEND_VAL_EX
FETCH_FUNC_ARG,SEND_FUNC_ARG
FETCH_GLOBALS,ASSIGN
FETCH_GLOBALS,FETCH_OBJ_R
FETCH_GLOBALS,FE_RESET_R
FETCH_GLOBALS,SEND_VAL
FETCH_GLOBALS,SEND_VAL_EX
FETCH_IS,ASSIGN
FETCH_IS,ASSIGN_OBJ
FETCH_IS,BOOL
FETCH_IS,BOOL_NOT
FETCH_IS,CAST
FETCH_IS,COALESCE
FETCH_IS,END_SILENCE
FETCH_IS,FETCH_DIM_IS
FETCH_IS,FETCH_OBJ_IS
FETCH_IS,FETCH_R
FETCH_IS,INIT_ARRAY
FETCH_IS,IS_EQUAL
FETCH_IS,JMPNZ
FETCH_IS,JMPNZ_EX
FETCH_IS,JMPZ
FETCH_IS,JMPZ_EX
FETCH_IS,QM_ASSIGN
FETCH_IS,RETURN
FETCH_IS,SEND_VAL
FETCH_IS,SEND_VAL_EX
FETCH_IS,SEND_VAR_EX
FETCH_LIST_R,ASSIGN
FETCH_LIST_R,ASSIGN_DIM
FETCH_LIST_R,ASSIGN_OBJ
FETCH_LIST_R,FETCH_DIM_W
FETCH_LIST_R,FETCH_OBJ_W
FETCH_LIST_R,FETCH_R
FETCH_LIST_R,FETCH_W
FETCH_OBJ_IS,ASSIGN
FETCH_OBJ_IS,ASSIGN_OBJ
FETCH_OBJ_IS,BOOL
FETCH_OBJ_IS,BOOL_NOT
FETCH_OBJ_IS,COALESCE
FETCH_OBJ_IS,FETCH_DIM_IS
FETCH_OBJ_IS,FETCH_OBJ_IS
FETCH_OBJ_IS,FREE
FETCH_OBJ_IS,JMPNZ
FETCH_OBJ_IS,JMPNZ_EX
FETCH_OBJ_IS,JMPZ
FETCH_OBJ_IS,JMPZ_EX
FETCH_OBJ_IS,RETURN
FETCH_OBJ_IS,SEND_VAL_EX
FETCH_OBJ_IS,TYPE_CHECK
FETCH_OBJ_R,ADD
FETCH_OBJ_R,ASSIGN
FETCH_OBJ_R,ASSIGN_DIM
FETCH_OBJ_R,ASSIGN_DIM_OP
FETCH_OBJ_R,ASSIGN_OBJ
FETCH_OBJ_R,ASSIGN_OBJ_OP
FETCH_OBJ_R,ASSIGN_OP
FETCH_OBJ_R,BEGIN_SILENCE
FETCH_OBJ_R,BIND_LEXICAL
FETCH_OBJ_R,BOOL
FETCH_OBJ_R,BOOL_NOT
FETCH_OBJ_R,BOOL_XOR
FETCH_OBJ_R,BW_AND
FETCH_OBJ_R,BW_NOT
FETCH_OBJ_R,BW_OR
FETCH_OBJ_R,BW_XOR
FETCH_OBJ_R,CASE
FETCH_OBJ_R,CAST
FETCH_OBJ_R,CHECK_FUNC_ARG
FETCH_OBJ_R,CLONE
FETCH_OBJ_R,CONCAT
FETCH_OBJ_R,COUNT
FETCH_OBJ_R,DEFINED
FETCH_OBJ_R,DIV
FETCH_OBJ_R,DO_FCALL
FETCH_OBJ_R,ECHO
FETCH_OBJ_R,END_SILENCE
FETCH_OBJ_R,FAST_CONCAT
FETCH_OBJ_R,FETCH_CLASS
FETCH_OBJ_R,FETCH_CONSTANT
FETCH_OBJ_R,FETCH_DIM_IS
FETCH_OBJ_R,FETCH_DIM_R
FETCH_OBJ_R,FETCH_DIM_RW
FETCH_OBJ_R,FETCH_DIM_UNSET
FETCH_OBJ_R,FETCH_DIM_W
FETCH_OBJ_R,FETCH_FUNC_ARG
FETCH_OBJ_R,FETCH_IS
FETCH_OBJ_R,FETCH_LIST_R
FETCH_OBJ_R,FETCH_OBJ_IS
FETCH_OBJ_R,FETCH_OBJ_R
FETCH_OBJ_R,FETCH_OBJ_RW
FETCH_OBJ_R,FETCH_OBJ_UNSET
FETCH_OBJ_R,FETCH_OBJ_W
FETCH_OBJ_R,FETCH_R
FETCH_OBJ_R,FETCH_THIS
FETCH_OBJ_R,FETCH_UNSET
FETCH_OBJ_R,FETCH_W
FETCH_OBJ_R,FE_FREE
FETCH_OBJ_R,FE_RESET_R
FETCH_OBJ_R,FREE
FETCH_OBJ_R,GET_CLASS
FETCH_OBJ_R,GET_TYPE
FETCH_OBJ_R,INCLUDE_OR_EVAL
FETCH_OBJ_R,INIT_ARRAY
FETCH_OBJ_R,INIT_FCALL
FETCH_OBJ_R,INIT_USER_CALL
FETCH_OBJ_R,INSTANCEOF
FETCH_OBJ_R,IN_ARRAY
FETCH_OBJ_R,IS_EQUAL
FETCH_OBJ_R,IS_IDENTICAL
FETCH_OBJ_R,IS_NOT_EQUAL
FETCH_OBJ_R,IS_SMALLER
FETCH_OBJ_R,JMPNZ
FETCH_OBJ_R,JMPNZ_EX
FETCH_OBJ_R,JMPZ
FETCH_OBJ_R,JMPZ_EX
FETCH_OBJ_R,JMP_FRAMELESS
FETCH_OBJ_R,JMP_SET
FETCH_OBJ_R,MOD
FETCH_OBJ_R,MUL
FETCH_OBJ_R,NEW
FETCH_OBJ_R,NOP
FETCH_OBJ_R,OP_DATA
FETCH_OBJ_R,POST_INC_OBJ
FETCH_OBJ_R,QM_ASSIGN
FETCH_OBJ_R,RETURN
FETCH_OBJ_R,ROPE_ADD
FETCH_OBJ_R,ROPE_END
FETCH_OBJ_R,ROPE_INIT
FETCH_OBJ_R,SEND_ARRAY
FETCH_OBJ_R,SEND_FUNC_ARG
FETCH_OBJ_R,SEND_UNPACK
FETCH_OBJ_R,SEND_USER
FETCH_OBJ_R,SEND_VAL
FETCH_OBJ_R,SEND_VAL_EX
FETCH_OBJ_R,SEND_VAR
FETCH_OBJ_R,SEND_VAR_EX
FETCH_OBJ_R,SL
FETCH_OBJ_R,SR
FETCH_OBJ_R,STRLEN
FETCH_OBJ_R,SUB
FETCH_OBJ_R,SWITCH_LONG
FETCH_OBJ_R,SWITCH_STRING
FETCH_OBJ_R,TYPE_CHECK
FETCH_OBJ_R,UNSET_DIM
FETCH_OBJ_RW,ASSIGN_DIM_OP
FETCH_OBJ_RW,ASSIGN_OBJ_OP
FETCH_OBJ_RW,FETCH_DIM_RW
FETCH_OBJ_RW,FETCH_OBJ_RW
FETCH_OBJ_RW,PRE_DEC_OBJ
FETCH_OBJ_RW,PRE_INC_OBJ
FETCH_OBJ_UNSET,FETCH_DIM_UNSET
FETCH_OBJ_UNSET,FETCH_OBJ_UNSET
FETCH_OBJ_UNSET,UNSET_DIM
FETCH_OBJ_UNSET,UNSET_OBJ
FETCH_OBJ_W,ASSIGN_DIM
FETCH_OBJ_W,ASSIGN_OBJ
FETCH_OBJ_W,ASSIGN_OBJ_REF
FETCH_OBJ_W,ASSIGN_REF
FETCH_OBJ_W,FETCH_DIM_W
FETCH_OBJ_W,FETCH_OBJ_W
FETCH_OBJ_W,FE_RESET_RW
FETCH_OBJ_W,INIT_ARRAY
FETCH_OBJ_W,MAKE_REF
FETCH_OBJ_W,RETURN_BY_REF
FETCH_OBJ_W,SEND_REF
FETCH_OBJ_W,SEND_VAL_EX
FETCH_R,ADD
FETCH_R,ASSIGN
FETCH_R,ASSIGN_DIM
FETCH_R,ASSIGN_OBJ
FETCH_R,ASSIGN_OBJ_OP
FETCH_R,ASSIGN_OP
FETCH_R,BEGIN_SILENCE
FETCH_R,BOOL
FETCH_R,BOOL_NOT
FETCH_R,BW_AND
FETCH_R,BW_NOT
FETCH_R,BW_OR
FETCH_R,CASE
FETCH_R,CAST
FETCH_R,CHECK_FUNC_ARG
FETCH_R,CONCAT
FETCH_R,COUNT
FETCH_R,DIV
FETCH_R,DO_FCALL
FETCH_R,ECHO
FETCH_R,END_SILENCE
FETCH_R,FETCH_CONSTANT
FETCH_R,FETCH_DIM_R
FETCH_R,FETCH_DIM_W
FETCH_R,FETCH_FUNC_ARG
FETCH_R,FETCH_GLOBALS
FETCH_R,FETCH_IS
FETCH_R,FETCH_OBJ_IS
FETCH_R,FETCH_OBJ_R
FETCH_R,FETCH_OBJ_RW
FETCH_R,FETCH_OBJ_UNSET
FETCH_R,FETCH_OBJ_W
FETCH_R,FETCH_R
FETCH_R,FETCH_RW
FETCH_R,FETCH_UNSET
FETCH_R,FETCH_W
FETCH_R,FE_FREE
FETCH_R,FE_RESET_R
FETCH_R,FREE
FETCH_R,FUNC_GET_ARGS
FETCH_R,FUNC_NUM_ARGS
FETCH_R,GET_CLASS
FETCH_R,GET_TYPE
FETCH_R,INCLUDE_OR_EVAL
FETCH_R,INIT_ARRAY
FETCH_R,INIT_FCALL
FETCH_R,INSTANCEOF
FETCH_R,IN_ARRAY
FETCH_R,IS_EQUAL
FETCH_R,IS_IDENTICAL
FETCH_R,IS_NOT_EQUAL
FETCH_R,IS_SMALLER
FETCH_R,JMPNZ
FETCH_R,JMPNZ_EX
FETCH_R,JMPZ
FETCH_R,JMPZ_EX
FETCH_R,MOD
FETCH_R,MUL
FETCH_R,NEW
FETCH_R,NOP
FETCH_R,OP_DATA
FETCH_R,QM_ASSIGN
FETCH_R,RETURN
FETCH_R,ROPE_ADD
FETCH_R,ROPE_END
FETCH_R,ROPE_INIT
FETCH_R,SEND_FUNC_ARG
FETCH_R,SEND_UNPACK
FETCH_R,SEND_VAL
FETCH_R,SEND_VAL_EX
FETCH_R,SEND_VAR_EX
FETCH_R,SL
FETCH_R,SR
FETCH_R,STRLEN
FETCH_R,SUB
FETCH_R,SWITCH_STRING
FETCH_R,TYPE_CHECK
FETCH_R,UNSET_VAR
FETCH_RW,ASSIGN_DIM_OP
FETCH_RW,ASSIGN_OP
FETCH_RW,FETCH_DIM_RW
FETCH_RW,POST_DEC
FETCH_RW,POST_INC
FETCH_RW,PRE_DEC
FETCH_RW,PRE_INC
FETCH_THIS,ASSIGN
FETCH_THIS,ASSIGN_DIM
FETCH_THIS,ASSIGN_OBJ
FETCH_THIS,BOOL
FETCH_THIS,BOOL_NOT
FETCH_THIS,CAST
FETCH_THIS,CHECK_FUNC_ARG
FETCH_THIS,CLONE
FETCH_THIS,CONCAT
FETCH_THIS,DO_FCALL
FETCH_THIS,FETCH_CLASS
FETCH_THIS,FETCH_DIM_R
FETCH_THIS,FETCH_DIM_W
FETCH_THIS,FETCH_IS
FETCH_THIS,FETCH_OBJ_IS
FETCH_THIS,FETCH_OBJ_R
FETCH_THIS,FETCH_OBJ_UNSET
FETCH_THIS,FETCH_OBJ_W
FETCH_THIS,FETCH_R
FETCH_THIS,FETCH_THIS
FETCH_THIS,FE_FREE
FETCH_THIS,FE_RESET_R
FETCH_THIS,FREE
FETCH_THIS,GET_CLASS
FETCH_THIS,INIT_ARRAY
FETCH_THIS,INIT_FCALL
FETCH_THIS,INSTANCEOF
FETCH_THIS,IS_EQUAL
FETCH_THIS,IS_IDENTICAL
FETCH_THIS,JMPNZ_EX
FETCH_THIS,JMPZ
FETCH_THIS,JMPZ_EX
FETCH_THIS,JMP_SET
FETCH_THIS,MAKE_REF
FETCH_THIS,NEW
FETCH_THIS,NOP
FETCH_THIS,OP_DATA
FETCH_THIS,QM_ASSIGN
FETCH_THIS,RETURN
FETCH_THIS,ROPE_ADD
FETCH_THIS,ROPE_INIT
FETCH_THIS,SEND_ARRAY
FETCH_THIS,SEND_FUNC_ARG
FETCH_THIS,SEND_USER
FETCH_THIS,SEND_VAL
FETCH_THIS,SEND_VAL_EX
FETCH_THIS,SEND_VAR_EX
FETCH_THIS,TYPE_CHECK
FETCH_THIS,UNSET_DIM
FETCH_UNSET,FETCH_DIM_UNSET
FETCH_UNSET,FETCH_OBJ_UNSET
FETCH_UNSET,UNSET_DIM
FETCH_UNSET,UNSET_OBJ
FETCH_W,ASSIGN
FETCH_W,ASSIGN_DIM
FETCH_W,ASSIGN_OBJ
FETCH_W,ASSIGN_REF
FETCH_W,FETCH_DIM_W
FETCH_W,FETCH_OBJ_W
FETCH_W,FETCH_R
FETCH_W,FETCH_W
FETCH_W,FE_RESET_RW
FETCH_W,INIT_ARRAY
FETCH_W,MAKE_REF
FETCH_W,OFF
FETCH_W,SEND_REF
FETCH_W,SEND_VAL
FETCH_W,SEND_VAL_EX
FE_FETCH_R,ADD
FE_FETCH_R,ASSIGN
FE_FETCH_R,ASSIGN_DIM
FE_FETCH_R,ASSIGN_DIM_OP
FE_FETCH_R,ASSIGN_OBJ
FE_FETCH_R,ASSIGN_OBJ_OP
FE_FETCH_R,ASSIGN_OP
FE_FETCH_R,BEGIN_SILENCE
FE_FETCH_R,BIND_LEXICAL
FE_FETCH_R,BOOL
FE_FETCH_R,BOOL_NOT
FE_FETCH_R,BW_AND
FE_FETCH_R,CAST
FE_FETCH_R,CHECK_FUNC_ARG
FE_FETCH_R,CLONE
FE_FETCH_R,CONCAT
FE_FETCH_R,COUNT
FE_FETCH_R,DEFINED
FE_FETCH_R,DIV
FE_FETCH_R,DO_FCALL
FE_FETCH_R,ECHO
FE_FETCH_R,FETCH_CLASS
FE_FETCH_R,FETCH_CONSTANT
FE_FETCH_R,FETCH_DIM_IS
FE_FETCH_R,FETCH_DIM_R
FE_FETCH_R,FETCH_DIM_RW
FE_FETCH_R,FETCH_DIM_UNSET
FE_FETCH_R,FETCH_DIM_W
FE_FETCH_R,FETCH_IS
FE_FETCH_R,FETCH_LIST_R
FE_FETCH_R,FETCH_OBJ_IS
FE_FETCH_R,FETCH_OBJ_R
FE_FETCH_R,FETCH_OBJ_RW
FE_FETCH_R,FETCH_OBJ_UNSET
FE_FETCH_R,FETCH_OBJ_W
FE_FETCH_R,FETCH_R
FE_FETCH_R,FETCH_THIS
FE_FETCH_R,FETCH_UNSET
FE_FETCH_R,FETCH_W
FE_FETCH_R,FE_FREE
FE_FETCH_R,FE_RESET_R
FE_FETCH_R,FUNC_NUM_ARGS
FE_FETCH_R,GET_CLASS
FE_FETCH_R,INCLUDE_OR_EVAL
FE_FETCH_R,INIT_ARRAY
FE_FETCH_R,INIT_FCALL
FE_FETCH_R,INIT_USER_CALL
FE_FETCH_R,INSTANCEOF
FE_FETCH_R,IN_ARRAY
FE_FETCH_R,IS_EQUAL
FE_FETCH_R,IS_IDENTICAL
FE_FETCH_R,IS_NOT_EQUAL
FE_FETCH_R,IS_SMALLER
FE_FETCH_R,JMP
FE_FETCH_R,JMPNZ_EX
FE_FETCH_R,JMPZ
FE_FETCH_R,JMPZ_EX
FE_FETCH_R,JMP_FRAMELESS
FE_FETCH_R,MOD
FE_FETCH_R,MUL
FE_FETCH_R,NEW
FE_FETCH_R,NOP
FE_FETCH_R,OP_DATA
FE_FETCH_R,POST_DEC
FE_FETCH_R,POST_INC
FE_FETCH_R,PRE_DEC
FE_FETCH_R,PRE_DEC_OBJ
FE_FETCH_R,PRE_INC
FE_FETCH_R,PRE_INC_OBJ
FE_FETCH_R,QM_ASSIGN
FE_FETCH_R,ROPE_INIT
FE_FETCH_R,SEND_VAL
FE_FETCH_R,SEND_VAL_EX
FE_FETCH_R,SEND_VAR
FE_FETCH_R,SEND_VAR_EX
FE_FETCH_R,SL
FE_FETCH_R,STRLEN
FE_FETCH_R,SUB
FE_FETCH_R,SWITCH_LONG
FE_FETCH_R,SWITCH_STRING
FE_FETCH_R,TYPE_CHECK
FE_FETCH_R,UNSET_DIM
FE_FETCH_R,UNSET_OBJ
FE_FETCH_R,YIELD
FE_FETCH_RW,ASSIGN
FE_FETCH_RW,ASSIGN_DIM
FE_FETCH_RW,ASSIGN_OP
FE_FETCH_RW,BOOL_NOT
FE_FETCH_RW,CAST
FE_FETCH_RW,CHECK_FUNC_ARG
FE_FETCH_RW,CLONE
FE_FETCH_RW,CONCAT
FE_FETCH_RW,DO_FCALL
FE_FETCH_RW,ECHO
FE_FETCH_RW,FETCH_DIM_R
FE_FETCH_RW,FETCH_DIM_W
FE_FETCH_RW,FETCH_OBJ_R
FE_FETCH_RW,FETCH_R
FE_FETCH_RW,FETCH_W
FE_FETCH_RW,FE_RESET_R
FE_FETCH_RW,FE_RESET_RW
FE_FETCH_RW,INIT_FCALL
FE_FETCH_RW,INSTANCEOF
FE_FETCH_RW,IS_EQUAL
FE_FETCH_RW,IS_IDENTICAL
FE_FETCH_RW,IS_SMALLER
FE_FETCH_RW,JMPZ
FE_FETCH_RW,JMPZ_EX
FE_FETCH_RW,JMP_FRAMELESS
FE_FETCH_RW,NOP
FE_FETCH_RW,OP_DATA
FE_FETCH_RW,ROPE_INIT
FE_FETCH_RW,SEND_VAL
FE_FETCH_RW,SEND_VAL_EX
FE_FETCH_RW,SEND_VAR_EX
FE_FETCH_RW,STRLEN
FE_FETCH_RW,TYPE_CHECK
FE_FETCH_RW,UNSET_DIM
FE_FREE,ADD
FE_FREE,ASSIGN
FE_FREE,ASSIGN_DIM
FE_FREE,ASSIGN_DIM_OP
FE_FREE,ASSIGN_OBJ
FE_FREE,ASSIGN_OBJ_OP
FE_FREE,ASSIGN_OBJ_REF
FE_FREE,ASSIGN_OP
FE_FREE,ASSIGN_REF
FE_FREE,BEGIN_SILENCE
FE_FREE,BIND_GLOBAL
FE_FREE,BOOL
FE_FREE,BOOL_NOT
FE_FREE,BW_AND
FE_FREE,CAST
FE_FREE,CHECK_FUNC_ARG
FE_FREE,CONCAT
FE_FREE,COUNT
FE_FREE,DECLARE_CLASS
FE_FREE,DEFINED
FE_FREE,DIV
FE_FREE,DO_FCALL
FE_FREE,ECHO
FE_FREE,FAST_CALL
FE_FREE,FAST_RET
FE_FREE,FETCH_CLASS
FE_FREE,FETCH_CONSTANT
FE_FREE,FETCH_DIM_IS
FE_FREE,FETCH_DIM_R
FE_FREE,FETCH_DIM_RW
FE_FREE,FETCH_DIM_UNSET
FE_FREE,FETCH_DIM_W
FE_FREE,FETCH_IS
FE_FREE,FETCH_OBJ_IS
FE_FREE,FETCH_OBJ_R
FE_FREE,FETCH_OBJ_RW
FE_FREE,FETCH_OBJ_UNSET
FE_FREE,FETCH_OBJ_W
FE_FREE,FETCH_R
FE_FREE,FETCH_RW
FE_FREE,FETCH_THIS
FE_FREE,FETCH_UNSET
FE_FREE,FETCH_W
FE_FREE,FE_FREE
FE_FREE,FE_RESET_R
FE_FREE,FE_RESET_RW
FE_FREE,FREE
FE_FREE,FUNC_GET_ARGS
FE_FREE,INCLUDE_OR_EVAL
FE_FREE,INIT_ARRAY
FE_FREE,INIT_FCALL
FE_FREE,INSTANCEOF
FE_FREE,IN_ARRAY
FE_FREE,IS_EQUAL
FE_FREE,IS_IDENTICAL
FE_FREE,IS_NOT_EQUAL
FE_FREE,IS_SMALLER
FE_FREE,JMP
FE_FREE,JMPNZ
FE_FREE,JMPNZ_EX
FE_FREE,JMPZ
FE_FREE,JMPZ_EX
FE_FREE,JMP_FRAMELESS
FE_FREE,JMP_SET
FE_FREE,MOD
FE_FREE,MUL
FE_FREE,NEW
FE_FREE,NOP
FE_FREE,OP_DATA
FE_FREE,POST_INC
FE_FREE,PRE_DEC
FE_FREE,PRE_INC
FE_FREE,RECV
FE_FREE,RETURN
FE_FREE,RETURN_BY_REF
FE_FREE,ROPE_INIT
FE_FREE,SEND_VAL
FE_FREE,SEND_VAL_EX
FE_FREE,SEND_VAR
FE_FREE,SEND_VAR_EX
FE_FREE,STRLEN
FE_FREE,SUB
FE_FREE,SWITCH_STRING
FE_FREE,TYPE_CHECK
FE_FREE,UNSET_CV
FE_FREE,UNSET_DIM
FE_FREE,UNSET_OBJ
FE_FREE,UNSET_VAR
FE_RESET_R,FE_FETCH_R
FE_RESET_RW,FE_FETCH_RW
FREE,ADD
FREE,ASSIGN
FREE,ASSIGN_DIM
FREE,ASSIGN_DIM_OP
FREE,ASSIGN_OBJ
FREE,ASSIGN_OP
FREE,BEGIN_SILENCE
FREE,BIND_GLOBAL
FREE,BIND_STATIC
FREE,BOOL_NOT
FREE,BW_AND
FREE,CAST
FREE,CHECK_FUNC_ARG
FREE,CLONE
FREE,CONCAT
FREE,COUNT
FREE,DECLARE_CLASS
FREE,DEFINED
FREE,DIV
FREE,DO_FCALL
FREE,ECHO
FREE,FAST_RET
FREE,FETCH_CLASS
FREE,FETCH_CONSTANT
FREE,FETCH_DIM_IS
FREE,FETCH_DIM_R
FREE,FETCH_DIM_UNSET
FREE,FETCH_DIM_W
FREE,FETCH_IS
FREE,FETCH_OBJ_IS
FREE,FETCH_OBJ_R
FREE,FETCH_OBJ_W
FREE,FETCH_R
FREE,FETCH_RW
FREE,FETCH_THIS
FREE,FETCH_W
FREE,FE_FREE
FREE,FE_RESET_R
FREE,FREE
FREE,GET_CLASS
FREE,INCLUDE_OR_EVAL
FREE,INIT_ARRAY
FREE,INIT_FCALL
FREE,INSTANCEOF
FREE,IS_EQUAL
FREE,IS_IDENTICAL
FREE,IS_NOT_EQUAL
FREE,IS_SMALLER
FREE,JMP
FREE,JMPNZ
FREE,JMPNZ_EX
FREE,JMPZ
FREE,JMPZ_EX
FREE,JMP_FRAMELESS
FREE,JMP_SET
FREE,MUL
FREE,NEW
FREE,NOP
FREE,OP_DATA
FREE,PRE_DEC_OBJ
FREE,PRE_INC
FREE,PRE_INC_OBJ
FREE,QM_ASSIGN
FREE,RETURN
FREE,ROPE_INIT
FREE,SEND_REF
FREE,SEND_UNPACK
FREE,SEND_VAL
FREE,SEND_VAL_EX
FREE,SEND_VAR
FREE,SEND_VAR_EX
FREE,STRLEN
FREE,SUB
FREE,SWITCH_LONG
FREE,SWITCH_STRING
FREE,TYPE_CHECK
FREE,UNSET_DIM
FUNC_GET_ARGS,ASSIGN
FUNC_GET_ARGS,ASSIGN_OBJ
FUNC_GET_ARGS,FETCH_DIM_W
FUNC_GET_ARGS,FETCH_LIST_R
FUNC_GET_ARGS,FETCH_W
FUNC_GET_ARGS,FE_RESET_R
FUNC_GET_ARGS,OP_DATA
FUNC_GET_ARGS,QM_ASSIGN
FUNC_GET_ARGS,RETURN
FUNC_GET_ARGS,SEND_ARRAY
FUNC_GET_ARGS,SEND_VAL
FUNC_GET_ARGS,SEND_VAL_EX
FUNC_NUM_ARGS,ASSIGN
FUNC_NUM_ARGS,IS_EQUAL
FUNC_NUM_ARGS,IS_IDENTICAL
FUNC_NUM_ARGS,IS_SMALLER
FUNC_NUM_ARGS,JMPZ
FUNC_NUM_ARGS,JMPZ_EX
GET_CLASS,ASSIGN
GET_CLASS,ASSIGN_DIM
GET_CLASS,ASSIGN_OBJ
GET_CLASS,BOOL
GET_CLASS,BOOL_NOT
GET_CLASS,CONCAT
GET_CLASS,COUNT
GET_CLASS,DO_FCALL
GET_CLASS,ECHO
GET_CLASS,FETCH_DIM_R
GET_CLASS,FETCH_DIM_W
GET_CLASS,FETCH_OBJ_R
GET_CLASS,INIT_ARRAY
GET_CLASS,IS_EQUAL
GET_CLASS,IS_IDENTICAL
GET_CLASS,IS_NOT_EQUAL
GET_CLASS,JMPZ
GET_CLASS,OP_DATA
GET_CLASS,QM_ASSIGN
GET_CLASS,RETURN
GET_CLASS,ROPE_INIT
GET_CLASS,SEND_VAL
GET_CLASS,SEND_VAL_EX
GET_CLASS,STRLEN
GET_CLASS,SWITCH_STRING
GET_CLASS,TYPE_CHECK
GET_TYPE,ASSIGN
GET_TYPE,CONCAT
GET_TYPE,COUNT
GET_TYPE,FETCH_OBJ_R
GET_TYPE,FETCH_W
GET_TYPE,IS_EQUAL
GET_TYPE,IS_IDENTICAL
GET_TYPE,IS_NOT_EQUAL
GET_TYPE,QM_ASSIGN
GET_TYPE,ROPE_INIT
GET_TYPE,SEND_VAL
GET_TYPE,SEND_VAL_EX
GET_TYPE,SWITCH_STRING
GET_TYPE,TYPE_CHECK
IMAGE,ECHO
IN,RETURN
INCLUDE_OR_EVAL,ASSIGN
INCLUDE_OR_EVAL,ASSIGN_DIM
INCLUDE_OR_EVAL,ASSIGN_OBJ
INCLUDE_OR_EVAL,ASSIGN_OP
INCLUDE_OR_EVAL,BEGIN_SILENCE
INCLUDE_OR_EVAL,BIND_GLOBAL
INCLUDE_OR_EVAL,BIND_STATIC
INCLUDE_OR_EVAL,BOOL
INCLUDE_OR_EVAL,BOOL_NOT
INCLUDE_OR_EVAL,CAST
INCLUDE_OR_EVAL,CHECK_FUNC_ARG
INCLUDE_OR_EVAL,CONCAT
INCLUDE_OR_EVAL,COUNT
INCLUDE_OR_EVAL,DECLARE_CLASS
INCLUDE_OR_EVAL,DECLARE_CONST
INCLUDE_OR_EVAL,DEFINED
INCLUDE_OR_EVAL,DO_FCALL
INCLUDE_OR_EVAL,ECHO
INCLUDE_OR_EVAL,END_SILENCE
INCLUDE_OR_EVAL,FAST_CALL
INCLUDE_OR_EVAL,FAST_RET
INCLUDE_OR_EVAL,FETCH_CLASS
INCLUDE_OR_EVAL,FETCH_CONSTANT
INCLUDE_OR_EVAL,FETCH_DIM_R
INCLUDE_OR_EVAL,FETCH_DIM_RW
INCLUDE_OR_EVAL,FETCH_DIM_UNSET
INCLUDE_OR_EVAL,FETCH_DIM_W
INCLUDE_OR_EVAL,FETCH_IS
INCLUDE_OR_EVAL,FETCH_LIST_R
INCLUDE_OR_EVAL,FETCH_OBJ_IS
INCLUDE_OR_EVAL,FETCH_OBJ_R
INCLUDE_OR_EVAL,FETCH_OBJ_W
INCLUDE_OR_EVAL,FETCH_R
INCLUDE_OR_EVAL,FETCH_THIS
INCLUDE_OR_EVAL,FETCH_UNSET
INCLUDE_OR_EVAL,FETCH_W
INCLUDE_OR_EVAL,FE_FREE
INCLUDE_OR_EVAL,FE_RESET_R
INCLUDE_OR_EVAL,INCLUDE_OR_EVAL
INCLUDE_OR_EVAL,INIT_ARRAY
INCLUDE_OR_EVAL,INIT_FCALL
INCLUDE_OR_EVAL,INSTANCEOF
INCLUDE_OR_EVAL,IN_ARRAY
INCLUDE_OR_EVAL,IS_EQUAL
INCLUDE_OR_EVAL,IS_IDENTICAL
INCLUDE_OR_EVAL,IS_NOT_EQUAL
INCLUDE_OR_EVAL,IS_SMALLER
INCLUDE_OR_EVAL,JMP
INCLUDE_OR_EVAL,JMPNZ_EX
INCLUDE_OR_EVAL,JMPZ
INCLUDE_OR_EVAL,JMPZ_EX
INCLUDE_OR_EVAL,JMP_FRAMELESS
INCLUDE_OR_EVAL,NEW
INCLUDE_OR_EVAL,NOP
INCLUDE_OR_EVAL,OP_DATA
INCLUDE_OR_EVAL,POST_INC
INCLUDE_OR_EVAL,QM_ASSIGN
INCLUDE_OR_EVAL,RETURN
INCLUDE_OR_EVAL,ROPE_INIT
INCLUDE_OR_EVAL,SEND_VAL
INCLUDE_OR_EVAL,SEND_VAL_EX
INCLUDE_OR_EVAL,SEND_VAR
INCLUDE_OR_EVAL,SEND_VAR_EX
INCLUDE_OR_EVAL,STRLEN
INCLUDE_OR_EVAL,SWITCH_STRING
INCLUDE_OR_EVAL,TYPE_CHECK
INCLUDE_OR_EVAL,UNSET_CV
INFILE,CONCAT
INFILE,JMP
INIT_ARRAY,ADD
INIT_ARRAY,ASSIGN
INIT_ARRAY,ASSIGN_DIM
INIT_ARRAY,ASSIGN_OBJ
INIT_ARRAY,ASSIGN_OBJ_OP
INIT_ARRAY,ASSIGN_OP
INIT_ARRAY,BEGIN_SILENCE
INIT_ARRAY,BIND_LEXICAL
INIT_ARRAY,BIND_STATIC
INIT_ARRAY,BOOL
INIT_ARRAY,BOOL_NOT
INIT_ARRAY,BW_AND
INIT_ARRAY,BW_OR
INIT_ARRAY,CAST
INIT_ARRAY,CHECK_FUNC_ARG
INIT_ARRAY,CLONE
INIT_ARRAY,COALESCE
INIT_ARRAY,CONCAT
INIT_ARRAY,COUNT
INIT_ARRAY,DEFINED
INIT_ARRAY,DIV
INIT_ARRAY,DO_FCALL
INIT_ARRAY,ECHO
INIT_ARRAY,END_SILENCE
INIT_ARRAY,FETCH_CLASS
INIT_ARRAY,FETCH_CONSTANT
INIT_ARRAY,FETCH_DIM_IS
INIT_ARRAY,FETCH_DIM_R
INIT_ARRAY,FETCH_DIM_W
INIT_ARRAY,FETCH_IS
INIT_ARRAY,FETCH_LIST_R
INIT_ARRAY,FETCH_OBJ_IS
INIT_ARRAY,FETCH_OBJ_R
INIT_ARRAY,FETCH_OBJ_RW
INIT_ARRAY,FETCH_OBJ_W
INIT_ARRAY,FETCH_R
INIT_ARRAY,FETCH_THIS
INIT_ARRAY,FETCH_W
INIT_ARRAY,FE_FREE
INIT_ARRAY,FE_RESET_R
INIT_ARRAY,FREE
INIT_ARRAY,FUNC_GET_ARGS
INIT_ARRAY,GET_CLASS
INIT_ARRAY,GET_TYPE
INIT_ARRAY,INCLUDE_OR_EVAL
INIT_ARRAY,INIT_ARRAY
INIT_ARRAY,INIT_FCALL
INIT_ARRAY,INIT_USER_CALL
INIT_ARRAY,IS_EQUAL
INIT_ARRAY,IS_IDENTICAL
INIT_ARRAY,IS_NOT_EQUAL
INIT_ARRAY,IS_SMALLER
INIT_ARRAY,JMPNZ_EX
INIT_ARRAY,JMPZ
INIT_ARRAY,JMPZ_EX
INIT_ARRAY,JMP_FRAMELESS
INIT_ARRAY,JMP_SET
INIT_ARRAY,MOD
INIT_ARRAY,MUL
INIT_ARRAY,NEW
INIT_ARRAY,NOP
INIT_ARRAY,OP_DATA
INIT_ARRAY,POST_DEC_OBJ
INIT_ARRAY,PRE_INC
INIT_ARRAY,QM_ASSIGN
INIT_ARRAY,RETURN
INIT_ARRAY,ROPE_INIT
INIT_ARRAY,SEND_ARRAY
INIT_ARRAY,SEND_USER
INIT_ARRAY,SEND_VAL
INIT_ARRAY,SEND_VAL_EX
INIT_ARRAY,SEND_VAR
INIT_ARRAY,SEND_VAR_EX
INIT_ARRAY,SL
INIT_ARRAY,SR
INIT_ARRAY,STRLEN
INIT_ARRAY,SUB
INIT_ARRAY,TYPE_CHECK
INIT_ARRAY,YIELD
INIT_FCALL,ADD
INIT_FCALL,ASSIGN
INIT_FCALL,BEGIN_SILENCE
INIT_FCALL,BIND_LEXICAL
INIT_FCALL,BOOL_NOT
INIT_FCALL,BW_AND
INIT_FCALL,BW_NOT
INIT_FCALL,BW_OR
INIT_FCALL,BW_XOR
INIT_FCALL,CAST
INIT_FCALL,CHECK_FUNC_ARG
INIT_FCALL,CONCAT
INIT_FCALL,COUNT
INIT_FCALL,DEFINED
INIT_FCALL,DIV
INIT_FCALL,DO_FCALL
INIT_FCALL,DO_ICALL
INIT_FCALL,FETCH_CONSTANT
INIT_FCALL,FETCH_DIM_IS
INIT_FCALL,FETCH_DIM_R
INIT_FCALL,FETCH_DIM_W
INIT_FCALL,FETCH_GLOBALS
INIT_FCALL,FETCH_IS
INIT_FCALL,FETCH_OBJ_IS
INIT_FCALL,FETCH_OBJ_R
INIT_FCALL,FETCH_OBJ_W
INIT_FCALL,FETCH_R
INIT_FCALL,FETCH_THIS
INIT_FCALL,FETCH_W
INIT_FCALL,GET_CLASS
INIT_FCALL,GET_TYPE
INIT_FCALL,INCLUDE_OR_EVAL
INIT_FCALL,INIT_ARRAY
INIT_FCALL,INIT_FCALL
INIT_FCALL,IS_EQUAL
INIT_FCALL,IS_IDENTICAL
INIT_FCALL,IS_NOT_EQUAL
INIT_FCALL,IS_SMALLER
INIT_FCALL,JMPNZ_EX
INIT_FCALL,JMPZ
INIT_FCALL,JMPZ_EX
INIT_FCALL,JMP_SET
INIT_FCALL,MOD
INIT_FCALL,MUL
INIT_FCALL,NEW
INIT_FCALL,NOP
INIT_FCALL,OP_DATA
INIT_FCALL,POST_INC
INIT_FCALL,POST_INC_OBJ
INIT_FCALL,PRE_DEC
INIT_FCALL,PRE_INC
INIT_FCALL,ROPE_INIT
INIT_FCALL,SEND_ARRAY
INIT_FCALL,SEND_REF
INIT_FCALL,SEND_USER
INIT_FCALL,SEND_VAL
INIT_FCALL,SEND_VAL_EX
INIT_FCALL,SEND_VAR
INIT_FCALL,SEND_VAR_EX
INIT_FCALL,SL
INIT_FCALL,SR
INIT_FCALL,STRLEN
INIT_FCALL,SUB
INIT_FCALL,TYPE_CHECK
INIT_USER_CALL,CAST
INIT_USER_CALL,CONCAT
INIT_USER_CALL,DO_FCALL
INIT_USER_CALL,FETCH_DIM_R
INIT_USER_CALL,FETCH_OBJ_R
INIT_USER_CALL,FETCH_OBJ_W
INIT_USER_CALL,FETCH_R
INIT_USER_CALL,FETCH_THIS
INIT_USER_CALL,FUNC_GET_ARGS
INIT_USER_CALL,INIT_ARRAY
INIT_USER_CALL,INIT_FCALL
INIT_USER_CALL,JMPZ
INIT_USER_CALL,POST_INC
INIT_USER_CALL,SEND_ARRAY
INIT_USER_CALL,SEND_USER
INIT_USER_CALL,SEND_VAL_EX
INIT_USER_CALL,SEND_VAR_EX
INIT_USER_CALL,TYPE_CHECK
INSTANCEOF,ASSIGN
INSTANCEOF,ASSIGN_OBJ
INSTANCEOF,BOOL
INSTANCEOF,BOOL_NOT
INSTANCEOF,BOOL_XOR
INSTANCEOF,INSTANCEOF
INSTANCEOF,JMPNZ
INSTANCEOF,JMPNZ_EX
INSTANCEOF,JMPZ
INSTANCEOF,JMPZ_EX
INSTANCEOF,RETURN
INSTANCEOF,SEND_VAL_EX
INSTANCEOF,TYPE_CHECK
IN_ARRAY,ASSIGN
IN_ARRAY,BOOL
IN_ARRAY,BOOL_NOT
IN_ARRAY,END_SILENCE
IN_ARRAY,FETCH_W
IN_ARRAY,JMPNZ_EX
IN_ARRAY,JMPZ
IN_ARRAY,JMPZ_EX
IN_ARRAY,RETURN
IN_ARRAY,SEND_VAL_EX
IN_ARRAY,TYPE_CHECK
IS_EQUAL,ASSIGN
IS_EQUAL,ASSIGN_DIM
IS_EQUAL,ASSIGN_OBJ
IS_EQUAL,BOOL
IS_EQUAL,BOOL_NOT
IS_EQUAL,BW_AND
IS_EQUAL,BW_OR
IS_EQUAL,CASE
IS_EQUAL,CAST
IS_EQUAL,CHECK_FUNC_ARG
IS_EQUAL,CONCAT
IS_EQUAL,COUNT
IS_EQUAL,DO_FCALL
IS_EQUAL,FETCH_CONSTANT
IS_EQUAL,FETCH_DIM_R
IS_EQUAL,FETCH_DIM_W
IS_EQUAL,FETCH_OBJ_IS
IS_EQUAL,FETCH_OBJ_R
IS_EQUAL,FETCH_OBJ_W
IS_EQUAL,FETCH_R
IS_EQUAL,FETCH_W
IS_EQUAL,FREE
IS_EQUAL,INIT_ARRAY
IS_EQUAL,INIT_FCALL
IS_EQUAL,IS_EQUAL
IS_EQUAL,JMPNZ
IS_EQUAL,JMPNZ_EX
IS_EQUAL,JMPZ
IS_EQUAL,JMPZ_EX
IS_EQUAL,JMP_FRAMELESS
IS_EQUAL,JMP_SET
IS_EQUAL,OP_DATA
IS_EQUAL,QM_ASSIGN
IS_EQUAL,RETURN
IS_EQUAL,SEND_VAL
IS_EQUAL,SEND_VAL_EX
IS_EQUAL,SEND_VAR_EX
IS_IDENTICAL,ASSIGN
IS_IDENTICAL,ASSIGN_DIM
IS_IDENTICAL,ASSIGN_OBJ
IS_IDENTICAL,BOOL
IS_IDENTICAL,BOOL_NOT
IS_IDENTICAL,BOOL_XOR
IS_IDENTICAL,BW_AND
IS_IDENTICAL,FETCH_DIM_R
IS_IDENTICAL,FETCH_W
IS_IDENTICAL,FREE
IS_IDENTICAL,INIT_ARRAY
IS_IDENTICAL,IS_EQUAL
IS_IDENTICAL,IS_IDENTICAL
IS_IDENTICAL,JMPNZ
IS_IDENTICAL,JMPNZ_EX
IS_IDENTICAL,JMPZ
IS_IDENTICAL,JMPZ_EX
IS_IDENTICAL,OP_DATA
IS_IDENTICAL,QM_ASSIGN
IS_IDENTICAL,RETURN
IS_IDENTICAL,SEND_VAL
IS_IDENTICAL,SEND_VAL_EX
IS_NOT_EQUAL,ASSIGN
IS_NOT_EQUAL,ASSIGN_DIM
IS_NOT_EQUAL,ASSIGN_OBJ
IS_NOT_EQUAL,BOOL
IS_NOT_EQUAL,BOOL_NOT
IS_NOT_EQUAL,BW_AND
IS_NOT_EQUAL,BW_OR
IS_NOT_EQUAL,DO_FCALL
IS_NOT_EQUAL,FETCH_DIM_R
IS_NOT_EQUAL,FETCH_DIM_W
IS_NOT_EQUAL,FETCH_OBJ_R
IS_NOT_EQUAL,FETCH_OBJ_W
IS_NOT_EQUAL,FREE
IS_NOT_EQUAL,INIT_ARRAY
IS_NOT_EQUAL,JMPNZ
IS_NOT_EQUAL,JMPNZ_EX
IS_NOT_EQUAL,JMPZ
IS_NOT_EQUAL,JMPZ_EX
IS_NOT_EQUAL,QM_ASSIGN
IS_NOT_EQUAL,RETURN
IS_NOT_EQUAL,SEND_VAL
IS_NOT_EQUAL,SEND_VAL_EX
IS_SMALLER,ASSIGN
IS_SMALLER,ASSIGN_DIM
IS_SMALLER,ASSIGN_OBJ
IS_SMALLER,ASSIGN_OP
IS_SMALLER,BOOL
IS_SMALLER,BOOL_NOT
IS_SMALLER,BW_AND
IS_SMALLER,BW_OR
IS_SMALLER,CAST
IS_SMALLER,COUNT
IS_SMALLER,FETCH_OBJ_R
IS_SMALLER,FETCH_W
IS_SMALLER,INIT_ARRAY
IS_SMALLER,IS_SMALLER
IS_SMALLER,JMPNZ
IS_SMALLER,JMPNZ_EX
IS_SMALLER,JMPZ
IS_SMALLER,JMPZ_EX
IS_SMALLER,QM_ASSIGN
IS_SMALLER,RETURN
IS_SMALLER,SEND_VAL
IS_SMALLER,SEND_VAL_EX
IS_SMALLER,STRLEN
JMP,ADD
JMP,ASSERT_CHECK
JMP,ASSIGN
JMP,ASSIGN_DIM
JMP,ASSIGN_DIM_OP
JMP,ASSIGN_OBJ
JMP,ASSIGN_OBJ_OP
JMP,ASSIGN_OP
JMP,ASSIGN_REF
JMP,BEGIN_SILENCE
JMP,BIND_GLOBAL
JMP,BIND_LEXICAL
JMP,BIND_STATIC
JMP,BOOL
JMP,BOOL_NOT
JMP,BW_AND
JMP,BW_OR
JMP,BW_XOR
JMP,CAST
JMP,CATCH
JMP,CHECK_FUNC_ARG
JMP,CLONE
JMP,CONCAT
JMP,COUNT
JMP,DECLARE_CLASS
JMP,DEFINED
JMP,DIV
JMP,DO_FCALL
JMP,ECHO
JMP,END_SILENCE
JMP,FAST_CALL
JMP,FETCH_CLASS
JMP,FETCH_CONSTANT
JMP,FETCH_DIM_IS
JMP,FETCH_DIM_R
JMP,FETCH_DIM_RW
JMP,FETCH_DIM_UNSET
JMP,FETCH_DIM_W
JMP,FETCH_IS
JMP,FETCH_OBJ_IS
JMP,FETCH_OBJ_R
JMP,FETCH_OBJ_RW
JMP,FETCH_OBJ_UNSET
JMP,FETCH_OBJ_W
JMP,FETCH_R
JMP,FETCH_RW
JMP,FETCH_THIS
JMP,FETCH_UNSET
JMP,FETCH_W
JMP,FE_FREE
JMP,FE_RESET_R
JMP,FE_RESET_RW
JMP,FREE
JMP,FUNC_GET_ARGS
JMP,FUNC_NUM_ARGS
JMP,GET_CLASS
JMP,GET_TYPE
JMP,INCLUDE_OR_EVAL
JMP,INIT_ARRAY
JMP,INIT_FCALL
JMP,INIT_USER_CALL
JMP,INSTANCEOF
JMP,IN_ARRAY
JMP,IS_EQUAL
JMP,IS_IDENTICAL
JMP,IS_NOT_EQUAL
JMP,IS_SMALLER
JMP,JMP
JMP,JMPNZ
JMP,JMPNZ_EX
JMP,JMPZ
JMP,JMPZ_EX
JMP,JMP_FRAMELESS
JMP,JMP_SET
JMP,MOD
JMP,MUL
JMP,NEW
JMP,NOP
JMP,OP_DATA
JMP,POST_DEC
JMP,POST_INC
JMP,POST_INC_OBJ
JMP,PRE_DEC
JMP,PRE_DEC_OBJ
JMP,PRE_INC
JMP,PRE_INC_OBJ
JMP,QM_ASSIGN
JMP,RETURN
JMP,ROPE_INIT
JMP,SEND_REF
JMP,SEND_VAL
JMP,SEND_VAL_EX
JMP,SEND_VAR
JMP,SEND_VAR_EX
JMP,SL
JMP,SR
JMP,STRLEN
JMP,SUB
JMP,SWITCH_LONG
JMP,SWITCH_STRING
JMP,THROW
JMP,TYPE_CHECK
JMP,UNSET_CV
JMP,UNSET_DIM
JMP,UNSET_OBJ
JMP,UNSET_VAR
JMP,YIELD
JMPNZ,ADD
JMPNZ,ASSERT_CHECK
JMPNZ,ASSIGN
JMPNZ,ASSIGN_DIM
JMPNZ,ASSIGN_DIM_OP
JMPNZ,ASSIGN_OBJ
JMPNZ,ASSIGN_OBJ_OP
JMPNZ,ASSIGN_OP
JMPNZ,BEGIN_SILENCE
JMPNZ,BIND_GLOBAL
JMPNZ,BOOL
JMPNZ,BOOL_NOT
JMPNZ,BW_AND
JMPNZ,BW_NOT
JMPNZ,BW_XOR
JMPNZ,CASE
JMPNZ,CAST
JMPNZ,CHECK_FUNC_ARG
JMPNZ,CLONE
JMPNZ,CONCAT
JMPNZ,COUNT
JMPNZ,DEFINED
JMPNZ,DIV
JMPNZ,DO_FCALL
JMPNZ,ECHO
JMPNZ,FETCH_CLASS
JMPNZ,FETCH_CONSTANT
JMPNZ,FETCH_DIM_IS
JMPNZ,FETCH_DIM_R
JMPNZ,FETCH_DIM_RW
JMPNZ,FETCH_DIM_W
JMPNZ,FETCH_IS
JMPNZ,FETCH_OBJ_IS
JMPNZ,FETCH_OBJ_R
JMPNZ,FETCH_OBJ_RW
JMPNZ,FETCH_OBJ_UNSET
JMPNZ,FETCH_OBJ_W
JMPNZ,FETCH_R
JMPNZ,FETCH_RW
JMPNZ,FETCH_THIS
JMPNZ,FETCH_UNSET
JMPNZ,FETCH_W
JMPNZ,FE_FREE
JMPNZ,FE_RESET_R
JMPNZ,FE_RESET_RW
JMPNZ,FREE
JMPNZ,GET_TYPE
JMPNZ,INCLUDE_OR_EVAL
JMPNZ,INIT_ARRAY
JMPNZ,INIT_FCALL
JMPNZ,INSTANCEOF
JMPNZ,IN_ARRAY
JMPNZ,IS_EQUAL
JMPNZ,IS_IDENTICAL
JMPNZ,IS_NOT_EQUAL
JMPNZ,IS_SMALLER
JMPNZ,JMP
JMPNZ,JMPNZ
JMPNZ,JMPNZ_EX
JMPNZ,JMPZ
JMPNZ,JMPZ_EX
JMPNZ,JMP_FRAMELESS
JMPNZ,MOD
JMPNZ,MUL
JMPNZ,NEW
JMPNZ,NOP
JMPNZ,OP_DATA
JMPNZ,POST_INC
JMPNZ,PRE_DEC
JMPNZ,PRE_DEC_OBJ
JMPNZ,PRE_INC
JMPNZ,PRE_INC_OBJ
JMPNZ,QM_ASSIGN
JMPNZ,RETURN
JMPNZ,RETURN_BY_REF
JMPNZ,ROPE_INIT
JMPNZ,SEND_VAL
JMPNZ,SEND_VAL_EX
JMPNZ,SEND_VAR
JMPNZ,SEND_VAR_EX
JMPNZ,SL
JMPNZ,SR
JMPNZ,STRLEN
JMPNZ,SUB
JMPNZ,SWITCH_LONG
JMPNZ,SWITCH_STRING
JMPNZ,THROW
JMPNZ,TYPE_CHECK
JMPNZ,UNSET_CV
JMPNZ,UNSET_DIM
JMPNZ_EX,ADD
JMPNZ_EX,ASSIGN
JMPNZ_EX,ASSIGN_DIM
JMPNZ_EX,BEGIN_SILENCE
JMPNZ_EX,BOOL
JMPNZ_EX,BOOL_NOT
JMPNZ_EX,BW_AND
JMPNZ_EX,CAST
JMPNZ_EX,CHECK_FUNC_ARG
JMPNZ_EX,CONCAT
JMPNZ_EX,COUNT
JMPNZ_EX,DEFINED
JMPNZ_EX,DIV
JMPNZ_EX,DO_FCALL
JMPNZ_EX,ECHO
JMPNZ_EX,FETCH_CLASS
JMPNZ_EX,FETCH_CONSTANT
JMPNZ_EX,FETCH_DIM_IS
JMPNZ_EX,FETCH_DIM_R
JMPNZ_EX,FETCH_IS
JMPNZ_EX,FETCH_OBJ_IS
JMPNZ_EX,FETCH_OBJ_R
JMPNZ_EX,FETCH_R
JMPNZ_EX,FETCH_THIS
JMPNZ_EX,FETCH_W
JMPNZ_EX,GET_CLASS
JMPNZ_EX,INIT_ARRAY
JMPNZ_EX,INIT_FCALL
JMPNZ_EX,INIT_USER_CALL
JMPNZ_EX,INSTANCEOF
JMPNZ_EX,IN_ARRAY
JMPNZ_EX,IS_EQUAL
JMPNZ_EX,IS_IDENTICAL
JMPNZ_EX,IS_NOT_EQUAL
JMPNZ_EX,IS_SMALLER
JMPNZ_EX,JMPNZ_EX
JMPNZ_EX,JMPZ
JMPNZ_EX,JMPZ_EX
JMPNZ_EX,JMP_FRAMELESS
JMPNZ_EX,MOD
JMPNZ_EX,MUL
JMPNZ_EX,NEW
JMPNZ_EX,NOP
JMPNZ_EX,OP_DATA
JMPNZ_EX,POST_DEC
JMPNZ_EX,PRE_DEC
JMPNZ_EX,PRE_INC
JMPNZ_EX,ROPE_INIT
JMPNZ_EX,SEND_VAL_EX
JMPNZ_EX,SEND_VAR
JMPNZ_EX,SEND_VAR_EX
JMPNZ_EX,SL
JMPNZ_EX,STRLEN
JMPNZ_EX,SUB
JMPNZ_EX,TYPE_CHECK
JMPZ,ADD
JMPZ,ASSERT_CHECK
JMPZ,ASSIGN
JMPZ,ASSIGN_DIM
JMPZ,ASSIGN_DIM_OP
JMPZ,ASSIGN_OBJ
JMPZ,ASSIGN_OBJ_OP
JMPZ,ASSIGN_OBJ_REF
JMPZ,ASSIGN_OP
JMPZ,ASSIGN_REF
JMPZ,BEGIN_SILENCE
JMPZ,BIND_GLOBAL
JMPZ,BIND_LEXICAL
JMPZ,BIND_STATIC
JMPZ,BOOL
JMPZ,BOOL_NOT
JMPZ,BOOL_XOR
JMPZ,BW_AND
JMPZ,BW_NOT
JMPZ,BW_OR
JMPZ,CAST
JMPZ,CHECK_FUNC_ARG
JMPZ,CLONE
JMPZ,COALESCE
JMPZ,CONCAT
JMPZ,COUNT
JMPZ,DECLARE_CLASS
JMPZ,DEFINED
JMPZ,DIV
JMPZ,DO_FCALL
JMPZ,ECHO
JMPZ,FAST_CALL
JMPZ,FETCH_CLASS
JMPZ,FETCH_CONSTANT
JMPZ,FETCH_DIM_IS
JMPZ,FETCH_DIM_R
JMPZ,FETCH_DIM_RW
JMPZ,FETCH_DIM_UNSET
JMPZ,FETCH_DIM_W
JMPZ,FETCH_GLOBALS
JMPZ,FETCH_IS
JMPZ,FETCH_OBJ_IS
JMPZ,FETCH_OBJ_R
JMPZ,FETCH_OBJ_RW
JMPZ,FETCH_OBJ_UNSET
JMPZ,FETCH_OBJ_W
JMPZ,FETCH_R
JMPZ,FETCH_RW
JMPZ,FETCH_THIS
JMPZ,FETCH_UNSET
JMPZ,FETCH_W
JMPZ,FE_FREE
JMPZ,FE_RESET_R
JMPZ,FE_RESET_RW
JMPZ,FREE
JMPZ,FUNC_GET_ARGS
JMPZ,GET_CLASS
JMPZ,GET_TYPE
JMPZ,INCLUDE_OR_EVAL
JMPZ,INIT_ARRAY
JMPZ,INIT_FCALL
JMPZ,INIT_USER_CALL
JMPZ,INSTANCEOF
JMPZ,IN_ARRAY
JMPZ,IS_EQUAL
JMPZ,IS_IDENTICAL
JMPZ,IS_NOT_EQUAL
JMPZ,IS_SMALLER
JMPZ,JMP
JMPZ,JMPNZ
JMPZ,JMPNZ_EX
JMPZ,JMPZ
JMPZ,JMPZ_EX
JMPZ,JMP_FRAMELESS
JMPZ,JMP_SET
JMPZ,MOD
JMPZ,MUL
JMPZ,NEW
JMPZ,NOP
JMPZ,OP_DATA
JMPZ,POST_DEC
JMPZ,POST_INC
JMPZ,POST_INC_OBJ
JMPZ,PRE_DEC
JMPZ,PRE_DEC_OBJ
JMPZ,PRE_INC
JMPZ,PRE_INC_OBJ
JMPZ,QM_ASSIGN
JMPZ,RETURN
JMPZ,RETURN_BY_REF
JMPZ,ROPE_INIT
JMPZ,SEND_REF
JMPZ,SEND_VAL
JMPZ,SEND_VAL_EX
JMPZ,SEND_VAR
JMPZ,SEND_VAR_EX
JMPZ,SL
JMPZ,SR
JMPZ,STRLEN
JMPZ,SUB
JMPZ,SWITCH_LONG
JMPZ,SWITCH_STRING
JMPZ,THROW
JMPZ,TYPE_CHECK
JMPZ,UNSET_CV
JMPZ,UNSET_DIM
JMPZ,UNSET_OBJ
JMPZ,UNSET_VAR
JMPZ_EX,ADD
JMPZ_EX,ASSIGN
JMPZ_EX,ASSIGN_DIM
JMPZ_EX,ASSIGN_OBJ
JMPZ_EX,ASSIGN_OP
JMPZ_EX,BEGIN_SILENCE
JMPZ_EX,BOOL
JMPZ_EX,BOOL_NOT
JMPZ_EX,BW_AND
JMPZ_EX,CAST
JMPZ_EX,CHECK_FUNC_ARG
JMPZ_EX,CONCAT
JMPZ_EX,COUNT
JMPZ_EX,DEFINED
JMPZ_EX,DIV
JMPZ_EX,DO_FCALL
JMPZ_EX,FETCH_CLASS
JMPZ_EX,FETCH_CONSTANT
JMPZ_EX,FETCH_DIM_IS
JMPZ_EX,FETCH_DIM_R
JMPZ_EX,FETCH_DIM_RW
JMPZ_EX,FETCH_IS
JMPZ_EX,FETCH_OBJ_IS
JMPZ_EX,FETCH_OBJ_R
JMPZ_EX,FETCH_R
JMPZ_EX,FETCH_THIS
JMPZ_EX,FETCH_W
JMPZ_EX,GET_CLASS
JMPZ_EX,INIT_ARRAY
JMPZ_EX,INIT_FCALL
JMPZ_EX,INIT_USER_CALL
JMPZ_EX,INSTANCEOF
JMPZ_EX,IN_ARRAY
JMPZ_EX,IS_EQUAL
JMPZ_EX,IS_IDENTICAL
JMPZ_EX,IS_NOT_EQUAL
JMPZ_EX,IS_SMALLER
JMPZ_EX,JMPNZ_EX
JMPZ_EX,JMPZ
JMPZ_EX,JMPZ_EX
JMPZ_EX,JMP_FRAMELESS
JMPZ_EX,MOD
JMPZ_EX,MUL
JMPZ_EX,NEW
JMPZ_EX,NOP
JMPZ_EX,OP_DATA
JMPZ_EX,POST_DEC
JMPZ_EX,POST_INC
JMPZ_EX,POST_INC_OBJ
JMPZ_EX,PRE_DEC
JMPZ_EX,PRE_INC
JMPZ_EX,ROPE_INIT
JMPZ_EX,SEND_VAL
JMPZ_EX,SEND_VAL_EX
JMPZ_EX,SEND_VAR
JMPZ_EX,SEND_VAR_EX
JMPZ_EX,SR
JMPZ_EX,STRLEN
JMPZ_EX,SUB
JMPZ_EX,TYPE_CHECK
JMP_FRAMELESS,ADD
JMP_FRAMELESS,BEGIN_SILENCE
JMP_FRAMELESS,CAST
JMP_FRAMELESS,CHECK_FUNC_ARG
JMP_FRAMELESS,CONCAT
JMP_FRAMELESS,DIV
JMP_FRAMELESS,DO_FCALL
JMP_FRAMELESS,FETCH_CLASS
JMP_FRAMELESS,FETCH_CONSTANT
JMP_FRAMELESS,FETCH_DIM_IS
JMP_FRAMELESS,FETCH_DIM_R
JMP_FRAMELESS,FETCH_IS
JMP_FRAMELESS,FETCH_OBJ_IS
JMP_FRAMELESS,FETCH_OBJ_R
JMP_FRAMELESS,FETCH_R
JMP_FRAMELESS,FETCH_THIS
JMP_FRAMELESS,INIT_ARRAY
JMP_FRAMELESS,INIT_FCALL
JMP_FRAMELESS,NOP
JMP_FRAMELESS,ROPE_INIT
JMP_FRAMELESS,SEND_VAL
JMP_FRAMELESS,SEND_VAL_EX
JMP_FRAMELESS,SEND_VAR
JMP_FRAMELESS,SEND_VAR_EX
JMP_SET,BEGIN_SILENCE
JMP_SET,CHECK_FUNC_ARG
JMP_SET,CONCAT
JMP_SET,DO_FCALL
JMP_SET,FETCH_CLASS
JMP_SET,FETCH_CONSTANT
JMP_SET,FETCH_DIM_R
JMP_SET,FETCH_OBJ_R
JMP_SET,FETCH_R
JMP_SET,FETCH_THIS
JMP_SET,INIT_ARRAY
JMP_SET,INIT_FCALL
JMP_SET,JMPZ
JMP_SET,JMP_FRAMELESS
JMP_SET,NEW
JMP_SET,QM_ASSIGN
JMP_SET,ROPE_INIT
JMP_SET,SEND_VAL_EX
JMP_SET,SEND_VAR_EX
JOIN,FETCH_OBJ_R
MAKE_REF,ASSIGN_OBJ_REF
MAKE_REF,FETCH_DIM_W
MAKE_REF,FETCH_OBJ_W
MAKE_REF,FETCH_W
MAKE_REF,OP_DATA
MOD,ADD
MOD,ASSIGN
MOD,ASSIGN_DIM
MOD,ASSIGN_OBJ
MOD,ASSIGN_OP
MOD,BOOL
MOD,BOOL_NOT
MOD,BW_XOR
MOD,CAST
MOD,CONCAT
MOD,DIV
MOD,FETCH_DIM_R
MOD,FETCH_DIM_W
MOD,FETCH_OBJ_R
MOD,FETCH_R
MOD,FETCH_W
MOD,INIT_FCALL
MOD,IS_EQUAL
MOD,IS_IDENTICAL
MOD,IS_NOT_EQUAL
MOD,IS_SMALLER
MOD,JMPNZ
MOD,JMPZ
MOD,JMPZ_EX
MOD,MOD
MOD,MUL
MOD,OP_DATA
MOD,QM_ASSIGN
MOD,RETURN
MOD,SEND_FUNC_ARG
MOD,SEND_VAL
MOD,SEND_VAL_EX
MOD,SUB
MUL,ADD
MUL,ASSIGN
MUL,ASSIGN_DIM
MUL,ASSIGN_DIM_OP
MUL,ASSIGN_OBJ
MUL,ASSIGN_OP
MUL,BOOL
MUL,BOOL_NOT
MUL,BW_AND
MUL,BW_NOT
MUL,BW_OR
MUL,BW_XOR
MUL,CAST
MUL,CHECK_FUNC_ARG
MUL,CONCAT
MUL,COUNT
MUL,DIV
MUL,DO_FCALL
MUL,ECHO
MUL,END_SILENCE
MUL,FETCH_CONSTANT
MUL,FETCH_DIM_R
MUL,FETCH_DIM_RW
MUL,FETCH_DIM_W
MUL,FETCH_OBJ_R
MUL,FETCH_OBJ_RW
MUL,FETCH_OBJ_W
MUL,FETCH_R
MUL,FETCH_RW
MUL,FETCH_W
MUL,FREE
MUL,INIT_ARRAY
MUL,INIT_FCALL
MUL,IS_EQUAL
MUL,IS_IDENTICAL
MUL,IS_NOT_EQUAL
MUL,IS_SMALLER
MUL,JMPNZ
MUL,JMPNZ_EX
MUL,JMPZ
MUL,JMPZ_EX
MUL,JMP_FRAMELESS
MUL,MOD
MUL,MUL
MUL,OP_DATA
MUL,QM_ASSIGN
MUL,RETURN
MUL,SEND_VAL
MUL,SEND_VAL_EX
MUL,SEND_VAR_EX
MUL,SL
MUL,SR
MUL,SUB
MYISAM,CONCAT
NEW,ADD
NEW,ASSIGN
NEW,BEGIN_SILENCE
NEW,BIND_LEXICAL
NEW,BW_AND
NEW,BW_OR
NEW,BW_XOR
NEW,CAST
NEW,CHECK_FUNC_ARG
NEW,CLONE
NEW,CONCAT
NEW,COUNT
NEW,DIV
NEW,DO_FCALL
NEW,FETCH_CLASS
NEW,FETCH_CONSTANT
NEW,FETCH_DIM_IS
NEW,FETCH_DIM_R
NEW,FETCH_OBJ_IS
NEW,FETCH_OBJ_R
NEW,FETCH_OBJ_W
NEW,FETCH_R
NEW,FETCH_THIS
NEW,GET_CLASS
NEW,GET_TYPE
NEW,INIT_ARRAY
NEW,INIT_FCALL
NEW,JMPZ
NEW,JMP_FRAMELESS
NEW,JMP_SET
NEW,MUL
NEW,NEW
NEW,NOP
NEW,OP_DATA
NEW,PRE_INC_OBJ
NEW,ROPE_INIT
NEW,SEND_VAL
NEW,SEND_VAL_EX
NEW,SEND_VAR
NEW,SEND_VAR_EX
NEW,SL
NEW,SR
NEW,STRLEN
NEW,SUB
NEW,TYPE_CHECK
NOP,ADD
NOP,ASSIGN
NOP,CAST
NOP,CHECK_FUNC_ARG
NOP,DO_FCALL
NOP,ECHO
NOP,FAST_CONCAT
NOP,FETCH_DIM_R
NOP,FETCH_OBJ_R
NOP,FETCH_R
NOP,INCLUDE_OR_EVAL
NOP,INIT_ARRAY
NOP,JMP
NOP,NOP
NOP,SEND_VAL_EX
NOP,SEND_VAR_EX
OFF,ASSIGN
OFF,DO_ICALL
OFF,FETCH_R
OFF,INIT_FCALL
OP_DATA,ADD
OP_DATA,ASSERT_CHECK
OP_DATA,ASSIGN
OP_DATA,ASSIGN_DIM
OP_DATA,ASSIGN_DIM_OP
OP_DATA,ASSIGN_OBJ
OP_DATA,ASSIGN_OBJ_OP
OP_DATA,ASSIGN_OBJ_REF
OP_DATA,ASSIGN_OP
OP_DATA,ASSIGN_REF
OP_DATA,BEGIN_SILENCE
OP_DATA,BIND_GLOBAL
OP_DATA,BIND_LEXICAL
OP_DATA,BIND_STATIC
OP_DATA,BOOL
OP_DATA,BOOL_NOT
OP_DATA,BW_AND
OP_DATA,BW_NOT
OP_DATA,BW_XOR
OP_DATA,CASE
OP_DATA,CAST
OP_DATA,CHECK_FUNC_ARG
OP_DATA,CLONE
OP_DATA,COALESCE
OP_DATA,CONCAT
OP_DATA,COUNT
OP_DATA,DECLARE_CLASS
OP_DATA,DEFINED
OP_DATA,DIV
OP_DATA,DO_FCALL
OP_DATA,ECHO
OP_DATA,END_SILENCE
OP_DATA,FAST_RET
OP_DATA,FETCH_CLASS
OP_DATA,FETCH_CONSTANT
OP_DATA,FETCH_DIM_IS
OP_DATA,FETCH_DIM_R
OP_DATA,FETCH_DIM_RW
OP_DATA,FETCH_DIM_UNSET
OP_DATA,FETCH_DIM_W
OP_DATA,FETCH_FUNC_ARG
OP_DATA,FETCH_IS
OP_DATA,FETCH_LIST_R
OP_DATA,FETCH_OBJ_IS
OP_DATA,FETCH_OBJ_R
OP_DATA,FETCH_OBJ_RW
OP_DATA,FETCH_OBJ_UNSET
OP_DATA,FETCH_OBJ_W
OP_DATA,FETCH_R
OP_DATA,FETCH_RW
OP_DATA,FETCH_THIS
OP_DATA,FETCH_UNSET
OP_DATA,FETCH_W
OP_DATA,FE_FREE
OP_DATA,FE_RESET_R
OP_DATA,FE_RESET_RW
OP_DATA,FREE
OP_DATA,FUNC_GET_ARGS
OP_DATA,FUNC_NUM_ARGS
OP_DATA,GET_CLASS
OP_DATA,GET_TYPE
OP_DATA,INCLUDE_OR_EVAL
OP_DATA,INIT_ARRAY
OP_DATA,INIT_FCALL
OP_DATA,INIT_USER_CALL
OP_DATA,INSTANCEOF
OP_DATA,IN_ARRAY
OP_DATA,IS_EQUAL
OP_DATA,IS_IDENTICAL
OP_DATA,IS_NOT_EQUAL
OP_DATA,IS_SMALLER
OP_DATA,JMP
OP_DATA,JMPNZ
OP_DATA,JMPNZ_EX
OP_DATA,JMPZ
OP_DATA,JMPZ_EX
OP_DATA,JMP_FRAMELESS
OP_DATA,JMP_SET
OP_DATA,MAKE_REF
OP_DATA,MOD
OP_DATA,MUL
OP_DATA,NEW
OP_DATA,NOP
OP_DATA,OP_DATA
OP_DATA,POST_DEC
OP_DATA,POST_INC
OP_DATA,POST_INC_OBJ
OP_DATA,PRE_DEC
OP_DATA,PRE_DEC_OBJ
OP_DATA,PRE_INC
OP_DATA,PRE_INC_OBJ
OP_DATA,QM_ASSIGN
OP_DATA,RETURN
OP_DATA,RETURN_BY_REF
OP_DATA,ROPE_INIT
OP_DATA,SEND_REF
OP_DATA,SEND_VAL
OP_DATA,SEND_VAL_EX
OP_DATA,SEND_VAR
OP_DATA,SEND_VAR_EX
OP_DATA,SL
OP_DATA,SR
OP_DATA,STRLEN
OP_DATA,SUB
OP_DATA,SWITCH_LONG
OP_DATA,SWITCH_STRING
OP_DATA,THROW
OP_DATA,TYPE_CHECK
OP_DATA,UNSET_CV
OP_DATA,UNSET_DIM
OP_DATA,UNSET_OBJ
OP_DATA,UNSET_VAR
POST_DEC,ASSIGN_OP
POST_DEC,BOOL
POST_DEC,BOOL_NOT
POST_DEC,CONCAT
POST_DEC,FETCH_DIM_R
POST_DEC,IS_IDENTICAL
POST_DEC,IS_SMALLER
POST_DEC,JMPNZ
POST_DEC,JMPZ
POST_DEC,JMPZ_EX
POST_DEC,QM_ASSIGN
POST_DEC,ROPE_INIT
POST_DEC_OBJ,ASSIGN
POST_DEC_OBJ,SEND_VAL
POST_DEC_OBJ,SEND_VAL_EX
POST_INC,ADD
POST_INC,ASSIGN
POST_INC,ASSIGN_DIM
POST_INC,ASSIGN_OBJ
POST_INC,BOOL
POST_INC,BW_AND
POST_INC,CHECK_FUNC_ARG
POST_INC,CONCAT
POST_INC,ECHO
POST_INC,FETCH_CONSTANT
POST_INC,FETCH_DIM_R
POST_INC,FETCH_DIM_W
POST_INC,FETCH_OBJ_R
POST_INC,FETCH_OBJ_W
POST_INC,FETCH_W
POST_INC,INIT_ARRAY
POST_INC,INIT_FCALL
POST_INC,IS_EQUAL
POST_INC,IS_NOT_EQUAL
POST_INC,IS_SMALLER
POST_INC,JMPZ
POST_INC,MOD
POST_INC,MUL
POST_INC,NEW
POST_INC,OP_DATA
POST_INC,POST_INC
POST_INC,QM_ASSIGN
POST_INC,RETURN
POST_INC,SEND_FUNC_ARG
POST_INC,SEND_USER
POST_INC,SEND_VAL
POST_INC,SEND_VAL_EX
POST_INC,SEND_VAR_EX
POST_INC,SL
POST_INC,SUB
POST_INC,UNSET_DIM
POST_INC_OBJ,ADD
POST_INC_OBJ,ASSIGN
POST_INC_OBJ,CONCAT
POST_INC_OBJ,FETCH_DIM_R
POST_INC_OBJ,FETCH_OBJ_R
POST_INC_OBJ,FETCH_OBJ_W
POST_INC_OBJ,INIT_ARRAY
POST_INC_OBJ,OP_DATA
POST_INC_OBJ,RETURN
POST_INC_OBJ,SEND_VAL_EX
PRE_DEC,ADD
PRE_DEC,ASSIGN
PRE_DEC,ASSIGN_DIM
PRE_DEC,ASSIGN_OBJ
PRE_DEC,ASSIGN_OP
PRE_DEC,BEGIN_SILENCE
PRE_DEC,BOOL_NOT
PRE_DEC,BW_AND
PRE_DEC,CHECK_FUNC_ARG
PRE_DEC,CONCAT
PRE_DEC,COUNT
PRE_DEC,DO_FCALL
PRE_DEC,ECHO
PRE_DEC,FETCH_CONSTANT
PRE_DEC,FETCH_DIM_R
PRE_DEC,FETCH_OBJ_IS
PRE_DEC,FETCH_OBJ_R
PRE_DEC,FETCH_R
PRE_DEC,INIT_ARRAY
PRE_DEC,INIT_FCALL
PRE_DEC,IS_EQUAL
PRE_DEC,IS_IDENTICAL
PRE_DEC,IS_NOT_EQUAL
PRE_DEC,IS_SMALLER
PRE_DEC,JMP
PRE_DEC,JMPNZ
PRE_DEC,JMPNZ_EX
PRE_DEC,JMPZ
PRE_DEC,JMPZ_EX
PRE_DEC,MOD
PRE_DEC,MUL
PRE_DEC,NOP
PRE_DEC,OP_DATA
PRE_DEC,PRE_DEC
PRE_DEC,PRE_INC
PRE_DEC,PRE_INC_OBJ
PRE_DEC,RETURN
PRE_DEC,ROPE_INIT
PRE_DEC,SEND_VAL
PRE_DEC,SEND_VAL_EX
PRE_DEC,SEND_VAR
PRE_DEC,SEND_VAR_EX
PRE_DEC,SR
PRE_DEC_OBJ,ASSIGN_OBJ
PRE_DEC_OBJ,BOOL_NOT
PRE_DEC_OBJ,CHECK_FUNC_ARG
PRE_DEC_OBJ,CONCAT
PRE_DEC_OBJ,DO_FCALL
PRE_DEC_OBJ,FETCH_OBJ_R
PRE_DEC_OBJ,FETCH_OBJ_UNSET
PRE_DEC_OBJ,FETCH_THIS
PRE_DEC_OBJ,FREE
PRE_DEC_OBJ,INIT_FCALL
PRE_DEC_OBJ,JMP
PRE_DEC_OBJ,JMPZ
PRE_DEC_OBJ,JMPZ_EX
PRE_DEC_OBJ,PRE_INC
PRE_DEC_OBJ,RETURN
PRE_DEC_OBJ,SEND_VAL
PRE_DEC_OBJ,SEND_VAL_EX
PRE_DEC_OBJ,SEND_VAR_EX
PRE_DEC_OBJ,STRLEN
PRE_INC,ADD
PRE_INC,ASSIGN
PRE_INC,ASSIGN_DIM
PRE_INC,ASSIGN_DIM_OP
PRE_INC,ASSIGN_OBJ
PRE_INC,ASSIGN_OP
PRE_INC,BEGIN_SILENCE
PRE_INC,BOOL
PRE_INC,BOOL_NOT
PRE_INC,BW_AND
PRE_INC,CASE
PRE_INC,CAST
PRE_INC,CHECK_FUNC_ARG
PRE_INC,CONCAT
PRE_INC,COUNT
PRE_INC,DIV
PRE_INC,DO_FCALL
PRE_INC,ECHO
PRE_INC,END_SILENCE
PRE_INC,FETCH_CONSTANT
PRE_INC,FETCH_DIM_IS
PRE_INC,FETCH_DIM_R
PRE_INC,FETCH_DIM_RW
PRE_INC,FETCH_DIM_W
PRE_INC,FETCH_IS
PRE_INC,FETCH_OBJ_IS
PRE_INC,FETCH_OBJ_R
PRE_INC,FETCH_OBJ_W
PRE_INC,FETCH_R
PRE_INC,FETCH_RW
PRE_INC,FETCH_THIS
PRE_INC,FETCH_W
PRE_INC,FE_FREE
PRE_INC,FE_RESET_R
PRE_INC,INIT_ARRAY
PRE_INC,INIT_FCALL
PRE_INC,IS_EQUAL
PRE_INC,IS_IDENTICAL
PRE_INC,IS_NOT_EQUAL
PRE_INC,IS_SMALLER
PRE_INC,JMP
PRE_INC,JMPNZ
PRE_INC,JMPNZ_EX
PRE_INC,JMPZ
PRE_INC,JMPZ_EX
PRE_INC,JMP_FRAMELESS
PRE_INC,MOD
PRE_INC,MUL
PRE_INC,NEW
PRE_INC,NOP
PRE_INC,OP_DATA
PRE_INC,POST_INC
PRE_INC,PRE_DEC
PRE_INC,PRE_INC
PRE_INC,PRE_INC_OBJ
PRE_INC,QM_ASSIGN
PRE_INC,RETURN
PRE_INC,ROPE_INIT
PRE_INC,SEND_REF
PRE_INC,SEND_VAL
PRE_INC,SEND_VAL_EX
PRE_INC,SEND_VAR
PRE_INC,SEND_VAR_EX
PRE_INC,SR
PRE_INC,STRLEN
PRE_INC,SUB
PRE_INC,SWITCH_STRING
PRE_INC,TYPE_CHECK
PRE_INC,UNSET_CV
PRE_INC,UNSET_DIM
PRE_INC,UNSET_OBJ
PRE_INC_OBJ,ASSIGN
PRE_INC_OBJ,ASSIGN_OBJ
PRE_INC_OBJ,ASSIGN_OP
PRE_INC_OBJ,BEGIN_SILENCE
PRE_INC_OBJ,BOOL_NOT
PRE_INC_OBJ,CHECK_FUNC_ARG
PRE_INC_OBJ,CONCAT
PRE_INC_OBJ,DEFINED
PRE_INC_OBJ,DO_FCALL
PRE_INC_OBJ,FETCH_CONSTANT
PRE_INC_OBJ,FETCH_DIM_R
PRE_INC_OBJ,FETCH_OBJ_IS
PRE_INC_OBJ,FETCH_OBJ_R
PRE_INC_OBJ,FETCH_OBJ_W
PRE_INC_OBJ,FETCH_THIS
PRE_INC_OBJ,FE_RESET_R
PRE_INC_OBJ,FREE
PRE_INC_OBJ,INIT_ARRAY
PRE_INC_OBJ,INIT_FCALL
PRE_INC_OBJ,INSTANCEOF
PRE_INC_OBJ,IS_EQUAL
PRE_INC_OBJ,JMP
PRE_INC_OBJ,JMPNZ
PRE_INC_OBJ,JMPNZ_EX
PRE_INC_OBJ,JMP_FRAMELESS
PRE_INC_OBJ,NEW
PRE_INC_OBJ,PRE_DEC_OBJ
PRE_INC_OBJ,PRE_INC_OBJ
PRE_INC_OBJ,RETURN
PRE_INC_OBJ,SEND_VAL
PRE_INC_OBJ,SEND_VAL_EX
PRE_INC_OBJ,SEND_VAR
PRE_INC_OBJ,SEND_VAR_EX
PRE_INC_OBJ,STRLEN
PRE_INC_OBJ,UNSET_DIM
QM_ASSIGN,ADD
QM_ASSIGN,ASSIGN
QM_ASSIGN,ASSIGN_DIM
QM_ASSIGN,ASSIGN_DIM_OP
QM_ASSIGN,ASSIGN_OBJ
QM_ASSIGN,ASSIGN_OBJ_OP
QM_ASSIGN,ASSIGN_OP
QM_ASSIGN,BEGIN_SILENCE
QM_ASSIGN,BOOL
QM_ASSIGN,BOOL_NOT
QM_ASSIGN,BW_AND
QM_ASSIGN,BW_OR
QM_ASSIGN,CAST
QM_ASSIGN,CHECK_FUNC_ARG
QM_ASSIGN,COALESCE
QM_ASSIGN,CONCAT
QM_ASSIGN,COUNT
QM_ASSIGN,DIV
QM_ASSIGN,DO_FCALL
QM_ASSIGN,ECHO
QM_ASSIGN,END_SILENCE
QM_ASSIGN,FETCH_CONSTANT
QM_ASSIGN,FETCH_DIM_IS
QM_ASSIGN,FETCH_DIM_R
QM_ASSIGN,FETCH_DIM_RW
QM_ASSIGN,FETCH_DIM_W
QM_ASSIGN,FETCH_IS
QM_ASSIGN,FETCH_LIST_R
QM_ASSIGN,FETCH_OBJ_IS
QM_ASSIGN,FETCH_OBJ_R
QM_ASSIGN,FETCH_OBJ_RW
QM_ASSIGN,FETCH_OBJ_W
QM_ASSIGN,FETCH_R
QM_ASSIGN,FETCH_RW
QM_ASSIGN,FETCH_THIS
QM_ASSIGN,FETCH_W
QM_ASSIGN,FE_FREE
QM_ASSIGN,FE_RESET_R
QM_ASSIGN,FREE
QM_ASSIGN,INCLUDE_OR_EVAL
QM_ASSIGN,INIT_ARRAY
QM_ASSIGN,INIT_FCALL
QM_ASSIGN,INIT_USER_CALL
QM_ASSIGN,IN_ARRAY
QM_ASSIGN,IS_EQUAL
QM_ASSIGN,IS_IDENTICAL
QM_ASSIGN,IS_NOT_EQUAL
QM_ASSIGN,IS_SMALLER
QM_ASSIGN,JMP
QM_ASSIGN,JMPNZ
QM_ASSIGN,JMPNZ_EX
QM_ASSIGN,JMPZ
QM_ASSIGN,JMPZ_EX
QM_ASSIGN,JMP_FRAMELESS
QM_ASSIGN,JMP_SET
QM_ASSIGN,MOD
QM_ASSIGN,MUL
QM_ASSIGN,NEW
QM_ASSIGN,NOP
QM_ASSIGN,OP_DATA
QM_ASSIGN,QM_ASSIGN
QM_ASSIGN,RETURN
QM_ASSIGN,ROPE_INIT
QM_ASSIGN,SEND_FUNC_ARG
QM_ASSIGN,SEND_USER
QM_ASSIGN,SEND_VAL
QM_ASSIGN,SEND_VAL_EX
QM_ASSIGN,SEND_VAR_EX
QM_ASSIGN,SL
QM_ASSIGN,SUB
QM_ASSIGN,SWITCH_LONG
QM_ASSIGN,SWITCH_STRING
QM_ASSIGN,THROW
QM_ASSIGN,TYPE_CHECK
QM_ASSIGN,YIELD
RECV,ADD
RECV,ASSERT_CHECK
RECV,ASSIGN
RECV,ASSIGN_DIM
RECV,ASSIGN_DIM_OP
RECV,ASSIGN_OBJ
RECV,ASSIGN_OBJ_OP
RECV,ASSIGN_OBJ_REF
RECV,ASSIGN_OP
RECV,BEGIN_SILENCE
RECV,BIND_GLOBAL
RECV,BIND_LEXICAL
RECV,BIND_STATIC
RECV,BOOL
RECV,BOOL_NOT
RECV,BW_AND
RECV,BW_NOT
RECV,BW_OR
RECV,BW_XOR
RECV,CAST
RECV,CHECK_FUNC_ARG
RECV,CLONE
RECV,CONCAT
RECV,COUNT
RECV,DEFINED
RECV,DIV
RECV,DO_FCALL
RECV,ECHO
RECV,FETCH_CLASS
RECV,FETCH_CONSTANT
RECV,FETCH_DIM_IS
RECV,FETCH_DIM_R
RECV,FETCH_DIM_RW
RECV,FETCH_DIM_UNSET
RECV,FETCH_DIM_W
RECV,FETCH_IS
RECV,FETCH_LIST_R
RECV,FETCH_OBJ_IS
RECV,FETCH_OBJ_R
RECV,FETCH_OBJ_UNSET
RECV,FETCH_OBJ_W
RECV,FETCH_R
RECV,FETCH_THIS
RECV,FETCH_UNSET
RECV,FETCH_W
RECV,FE_RESET_R
RECV,FE_RESET_RW
RECV,FUNC_GET_ARGS
RECV,FUNC_NUM_ARGS
RECV,GET_CLASS
RECV,GET_TYPE
RECV,INCLUDE_OR_EVAL
RECV,INIT_ARRAY
RECV,INIT_FCALL
RECV,INIT_USER_CALL
RECV,INSTANCEOF
RECV,IN_ARRAY
RECV,IS_EQUAL
RECV,IS_IDENTICAL
RECV,IS_NOT_EQUAL
RECV,IS_SMALLER
RECV,JMP
RECV,JMPNZ
RECV,JMPNZ_EX
RECV,JMPZ
RECV,JMPZ_EX
RECV,JMP_FRAMELESS
RECV,JMP_SET
RECV,MOD
RECV,MUL
RECV,NEW
RECV,NOP
RECV,OP_DATA
RECV,POST_INC_OBJ
RECV,PRE_DEC
RECV,PRE_DEC_OBJ
RECV,PRE_INC
RECV,PRE_INC_OBJ
RECV,QM_ASSIGN
RECV,RECV
RECV,RECV_INIT
RECV,RECV_VARIADIC
RECV,RETURN
RECV,ROPE_INIT
RECV,SEND_REF
RECV,SEND_VAL
RECV,SEND_VAL_EX
RECV,SEND_VAR
RECV,SEND_VAR_EX
RECV,SR
RECV,STRLEN
RECV,SUB
RECV,SWITCH_LONG
RECV,SWITCH_STRING
RECV,TYPE_CHECK
RECV,UNSET_CV
RECV,UNSET_DIM
RECV,UNSET_OBJ
RECV_INIT,ADD
RECV_INIT,ASSERT_CHECK
RECV_INIT,ASSIGN
RECV_INIT,ASSIGN_DIM
RECV_INIT,ASSIGN_OBJ
RECV_INIT,ASSIGN_OBJ_OP
RECV_INIT,ASSIGN_OBJ_REF
RECV_INIT,ASSIGN_OP
RECV_INIT,ASSIGN_REF
RECV_INIT,BEGIN_SILENCE
RECV_INIT,BIND_GLOBAL
RECV_INIT,BIND_LEXICAL
RECV_INIT,BIND_STATIC
RECV_INIT,BOOL
RECV_INIT,BOOL_NOT
RECV_INIT,BW_AND
RECV_INIT,CAST
RECV_INIT,CHECK_FUNC_ARG
RECV_INIT,CLONE
RECV_INIT,COALESCE
RECV_INIT,CONCAT
RECV_INIT,COUNT
RECV_INIT,DEFINED
RECV_INIT,DO_FCALL
RECV_INIT,ECHO
RECV_INIT,FETCH_CLASS
RECV_INIT,FETCH_CONSTANT
RECV_INIT,FETCH_DIM_IS
RECV_INIT,FETCH_DIM_R
RECV_INIT,FETCH_DIM_RW
RECV_INIT,FETCH_DIM_W
RECV_INIT,FETCH_IS
RECV_INIT,FETCH_OBJ_IS
RECV_INIT,FETCH_OBJ_R
RECV_INIT,FETCH_OBJ_UNSET
RECV_INIT,FETCH_OBJ_W
RECV_INIT,FETCH_R
RECV_INIT,FETCH_THIS
RECV_INIT,FETCH_W
RECV_INIT,FE_RESET_R
RECV_INIT,FE_RESET_RW
RECV_INIT,FUNC_GET_ARGS
RECV_INIT,FUNC_NUM_ARGS
RECV_INIT,INCLUDE_OR_EVAL
RECV_INIT,INIT_ARRAY
RECV_INIT,INIT_FCALL
RECV_INIT,INSTANCEOF
RECV_INIT,IN_ARRAY
RECV_INIT,IS_EQUAL
RECV_INIT,IS_IDENTICAL
RECV_INIT,IS_NOT_EQUAL
RECV_INIT,IS_SMALLER
RECV_INIT,JMP
RECV_INIT,JMPNZ_EX
RECV_INIT,JMPZ
RECV_INIT,JMPZ_EX
RECV_INIT,JMP_FRAMELESS
RECV_INIT,JMP_SET
RECV_INIT,MOD
RECV_INIT,MUL
RECV_INIT,NEW
RECV_INIT,NOP
RECV_INIT,OP_DATA
RECV_INIT,POST_INC_OBJ
RECV_INIT,PRE_DEC_OBJ
RECV_INIT,PRE_INC
RECV_INIT,PRE_INC_OBJ
RECV_INIT,RECV_INIT
RECV_INIT,RECV_VARIADIC
RECV_INIT,RETURN
RECV_INIT,ROPE_INIT
RECV_INIT,SEND_REF
RECV_INIT,SEND_VAL
RECV_INIT,SEND_VAL_EX
RECV_INIT,SEND_VAR
RECV_INIT,SEND_VAR_EX
RECV_INIT,SR
RECV_INIT,STRLEN
RECV_INIT,SUB
RECV_INIT,SWITCH_LONG
RECV_INIT,SWITCH_STRING
RECV_INIT,TYPE_CHECK
RECV_INIT,UNSET_CV
RECV_VARIADIC,ASSIGN
RECV_VARIADIC,ASSIGN_OBJ
RECV_VARIADIC,CHECK_FUNC_ARG
RECV_VARIADIC,DO_FCALL
RECV_VARIADIC,FETCH_OBJ_R
RECV_VARIADIC,FE_RESET_R
RECV_VARIADIC,JMPZ_EX
RECV_VARIADIC,RETURN
RECV_VARIADIC,SEND_VAR_EX
RECV_VARIADIC,TYPE_CHECK
RETURN,ADD
RETURN,ASSIGN
RETURN,ASSIGN_DIM
RETURN,ASSIGN_DIM_OP
RETURN,ASSIGN_OBJ
RETURN,ASSIGN_OBJ_OP
RETURN,ASSIGN_OP
RETURN,BEGIN_SILENCE
RETURN,BIND_GLOBAL
RETURN,BIND_LEXICAL
RETURN,BIND_STATIC
RETURN,BOOL
RETURN,BOOL_NOT
RETURN,BW_AND
RETURN,CAST
RETURN,CHECK_FUNC_ARG
RETURN,CLONE
RETURN,COALESCE
RETURN,CONCAT
RETURN,COUNT
RETURN,DECLARE_CLASS
RETURN,DEFINED
RETURN,DIV
RETURN,DO_FCALL
RETURN,ECHO
RETURN,FAST_CALL
RETURN,FETCH_CLASS
RETURN,FETCH_CONSTANT
RETURN,FETCH_DIM_IS
RETURN,FETCH_DIM_R
RETURN,FETCH_DIM_RW
RETURN,FETCH_DIM_UNSET
RETURN,FETCH_DIM_W
RETURN,FETCH_GLOBALS
RETURN,FETCH_IS
RETURN,FETCH_OBJ_IS
RETURN,FETCH_OBJ_R
RETURN,FETCH_OBJ_RW
RETURN,FETCH_OBJ_UNSET
RETURN,FETCH_OBJ_W
RETURN,FETCH_R
RETURN,FETCH_THIS
RETURN,FETCH_UNSET
RETURN,FETCH_W
RETURN,FE_FREE
RETURN,FE_RESET_R
RETURN,FE_RESET_RW
RETURN,FREE
RETURN,FUNC_GET_ARGS
RETURN,FUNC_NUM_ARGS
RETURN,GET_CLASS
RETURN,GET_TYPE
RETURN,INCLUDE_OR_EVAL
RETURN,INIT_ARRAY
RETURN,INIT_FCALL
RETURN,INIT_USER_CALL
RETURN,INSTANCEOF
RETURN,IN_ARRAY
RETURN,IS_EQUAL
RETURN,IS_IDENTICAL
RETURN,IS_NOT_EQUAL
RETURN,IS_SMALLER
RETURN,JMP
RETURN,JMPNZ
RETURN,JMPNZ_EX
RETURN,JMPZ
RETURN,JMPZ_EX
RETURN,JMP_FRAMELESS
RETURN,JMP_SET
RETURN,MOD
RETURN,MUL
RETURN,NEW
RETURN,NOP
RETURN,OP_DATA
RETURN,POST_INC
RETURN,POST_INC_OBJ
RETURN,PRE_DEC
RETURN,PRE_DEC_OBJ
RETURN,PRE_INC
RETURN,PRE_INC_OBJ
RETURN,QM_ASSIGN
RETURN,RECV
RETURN,RECV_INIT
RETURN,RECV_VARIADIC
RETURN,RETURN
RETURN,ROPE_INIT
RETURN,SEND_REF
RETURN,SEND_UNPACK
RETURN,SEND_VAL
RETURN,SEND_VAL_EX
RETURN,SEND_VAR
RETURN,SEND_VAR_EX
RETURN,SL
RETURN,SR
RETURN,STRLEN
RETURN,SUB
RETURN,SWITCH_LONG
RETURN,SWITCH_STRING
RETURN,THROW
RETURN,TYPE_CHECK
RETURN,UNSET_CV
RETURN,UNSET_DIM
RETURN,UNSET_OBJ
RETURN,UNSET_VAR
RETURN,YIELD
RETURN_BY_REF,ASSIGN_DIM
RETURN_BY_REF,BIND_GLOBAL
RETURN_BY_REF,BIND_STATIC
RETURN_BY_REF,BOOL_NOT
RETURN_BY_REF,CHECK_FUNC_ARG
RETURN_BY_REF,COUNT
RETURN_BY_REF,DO_FCALL
RETURN_BY_REF,FETCH_DIM_R
RETURN_BY_REF,FETCH_OBJ_R
RETURN_BY_REF,FETCH_OBJ_W
RETURN_BY_REF,INIT_FCALL
RETURN_BY_REF,JMP
RETURN_BY_REF,JMP_FRAMELESS
RETURN_BY_REF,PRE_INC
RETURN_BY_REF,RECV
RETURN_BY_REF,RECV_INIT
RETURN_BY_REF,RETURN_BY_REF
RETURN_BY_REF,SEND_VAL_EX
ROPE_ADD,ADD
ROPE_ADD,CAST
ROPE_ADD,CHECK_FUNC_ARG
ROPE_ADD,CONCAT
ROPE_ADD,DO_FCALL
ROPE_ADD,FETCH_CONSTANT
ROPE_ADD,FETCH_DIM_R
ROPE_ADD,FETCH_OBJ_R
ROPE_ADD,FETCH_R
ROPE_ADD,FETCH_THIS
ROPE_ADD,INIT_FCALL
ROPE_ADD,ROPE_ADD
ROPE_ADD,ROPE_END
ROPE_ADD,SEND_VAR_EX
ROPE_ADD,SUB
ROPE_END,ADD
ROPE_END,ASSIGN
ROPE_END,ASSIGN_DIM
ROPE_END,ASSIGN_DIM_OP
ROPE_END,ASSIGN_OBJ
ROPE_END,ASSIGN_OBJ_OP
ROPE_END,ASSIGN_OP
ROPE_END,BEGIN_SILENCE
ROPE_END,BOOL
ROPE_END,BOOL_NOT
ROPE_END,CAST
ROPE_END,CHECK_FUNC_ARG
ROPE_END,CONCAT
ROPE_END,COUNT
ROPE_END,DO_FCALL
ROPE_END,ECHO
ROPE_END,END_SILENCE
ROPE_END,FETCH_CONSTANT
ROPE_END,FETCH_DIM_IS
ROPE_END,FETCH_DIM_R
ROPE_END,FETCH_DIM_RW
ROPE_END,FETCH_DIM_W
ROPE_END,FETCH_IS
ROPE_END,FETCH_OBJ_R
ROPE_END,FETCH_OBJ_RW
ROPE_END,FETCH_OBJ_W
ROPE_END,FETCH_R
ROPE_END,FETCH_RW
ROPE_END,FETCH_THIS
ROPE_END,FETCH_W
ROPE_END,FE_FREE
ROPE_END,FREE
ROPE_END,GET_TYPE
ROPE_END,INCLUDE_OR_EVAL
ROPE_END,INIT_ARRAY
ROPE_END,INIT_FCALL
ROPE_END,IN_ARRAY
ROPE_END,IS_EQUAL
ROPE_END,IS_IDENTICAL
ROPE_END,IS_NOT_EQUAL
ROPE_END,IS_SMALLER
ROPE_END,JMPNZ
ROPE_END,JMPNZ_EX
ROPE_END,JMPZ
ROPE_END,JMPZ_EX
ROPE_END,JMP_FRAMELESS
ROPE_END,JMP_SET
ROPE_END,MUL
ROPE_END,NEW
ROPE_END,NOP
ROPE_END,OP_DATA
ROPE_END,POST_INC_OBJ
ROPE_END,QM_ASSIGN
ROPE_END,RETURN
ROPE_END,ROPE_INIT
ROPE_END,SEND_VAL
ROPE_END,SEND_VAL_EX
ROPE_END,SEND_VAR
ROPE_END,SEND_VAR_EX
ROPE_END,SL
ROPE_END,STRLEN
ROPE_END,SUB
ROPE_END,TYPE_CHECK
ROPE_INIT,CAST
ROPE_INIT,CONCAT
ROPE_INIT,DO_FCALL
ROPE_INIT,FETCH_CONSTANT
ROPE_INIT,FETCH_DIM_R
ROPE_INIT,FETCH_OBJ_R
ROPE_INIT,FETCH_R
ROPE_INIT,FETCH_THIS
ROPE_INIT,INIT_FCALL
ROPE_INIT,NOP
ROPE_INIT,ROPE_ADD
ROPE_INIT,SEND_VAL_EX
ROPE_INIT,SEND_VAR_EX
SEND_ARRAY,DO_FCALL
SEND_FUNC_ARG,ADD
SEND_FUNC_ARG,ASSIGN
SEND_FUNC_ARG,BEGIN_SILENCE
SEND_FUNC_ARG,BIND_LEXICAL
SEND_FUNC_ARG,BOOL_NOT
SEND_FUNC_ARG,CAST
SEND_FUNC_ARG,CHECK_FUNC_ARG
SEND_FUNC_ARG,CONCAT
SEND_FUNC_ARG,DO_FCALL
SEND_FUNC_ARG,FETCH_CONSTANT
SEND_FUNC_ARG,FETCH_DIM_IS
SEND_FUNC_ARG,FETCH_DIM_R
SEND_FUNC_ARG,FETCH_DIM_RW
SEND_FUNC_ARG,FETCH_IS
SEND_FUNC_ARG,FETCH_OBJ_IS
SEND_FUNC_ARG,FETCH_OBJ_R
SEND_FUNC_ARG,FETCH_R
SEND_FUNC_ARG,FETCH_RW
SEND_FUNC_ARG,FETCH_THIS
SEND_FUNC_ARG,GET_CLASS
SEND_FUNC_ARG,INIT_ARRAY
SEND_FUNC_ARG,INIT_FCALL
SEND_FUNC_ARG,IS_EQUAL
SEND_FUNC_ARG,IS_SMALLER
SEND_FUNC_ARG,JMPZ
SEND_FUNC_ARG,JMPZ_EX
SEND_FUNC_ARG,JMP_FRAMELESS
SEND_FUNC_ARG,MOD
SEND_FUNC_ARG,MUL
SEND_FUNC_ARG,NEW
SEND_FUNC_ARG,NOP
SEND_FUNC_ARG,POST_INC_OBJ
SEND_FUNC_ARG,ROPE_INIT
SEND_FUNC_ARG,SEND_UNPACK
SEND_FUNC_ARG,SEND_VAL_EX
SEND_FUNC_ARG,SEND_VAR_EX
SEND_FUNC_ARG,SR
SEND_FUNC_ARG,STRLEN
SEND_FUNC_ARG,SUB
SEND_FUNC_ARG,TYPE_CHECK
SEND_REF,ADD
SEND_REF,ASSIGN
SEND_REF,BEGIN_SILENCE
SEND_REF,BIND_LEXICAL
SEND_REF,CAST
SEND_REF,CHECK_FUNC_ARG
SEND_REF,CONCAT
SEND_REF,COUNT
SEND_REF,DO_FCALL
SEND_REF,DO_ICALL
SEND_REF,FETCH_CONSTANT
SEND_REF,FETCH_DIM_R
SEND_REF,FETCH_OBJ_R
SEND_REF,FETCH_R
SEND_REF,FETCH_THIS
SEND_REF,FETCH_W
SEND_REF,INIT_ARRAY
SEND_REF,INIT_FCALL
SEND_REF,NEW
SEND_REF,NOP
SEND_REF,OP_DATA
SEND_REF,POST_INC
SEND_REF,ROPE_INIT
SEND_REF,SEND_REF
SEND_REF,SEND_VAL
SEND_REF,SEND_VAL_EX
SEND_REF,SEND_VAR
SEND_REF,SEND_VAR_EX
SEND_REF,SUB
SEND_UNPACK,DO_FCALL
SEND_UNPACK,DO_ICALL
SEND_USER,CAST
SEND_USER,DO_FCALL
SEND_USER,FETCH_CONSTANT
SEND_USER,FETCH_DIM_R
SEND_USER,FETCH_OBJ_R
SEND_USER,FETCH_R
SEND_USER,FETCH_THIS
SEND_USER,INIT_ARRAY
SEND_USER,SEND_USER
SEND_USER,SEND_VAR_EX
SEND_USER,STRLEN
SEND_VAL,ADD
SEND_VAL,ASSIGN
SEND_VAL,ASSIGN_DIM
SEND_VAL,BEGIN_SILENCE
SEND_VAL,BIND_LEXICAL
SEND_VAL,BOOL
SEND_VAL,BOOL_NOT
SEND_VAL,BW_AND
SEND_VAL,BW_OR
SEND_VAL,CAST
SEND_VAL,CHECK_FUNC_ARG
SEND_VAL,CONCAT
SEND_VAL,COUNT
SEND_VAL,DEFINED
SEND_VAL,DIV
SEND_VAL,DO_FCALL
SEND_VAL,DO_ICALL
SEND_VAL,END_SILENCE
SEND_VAL,FETCH_CONSTANT
SEND_VAL,FETCH_DIM_IS
SEND_VAL,FETCH_DIM_R
SEND_VAL,FETCH_DIM_W
SEND_VAL,FETCH_IS
SEND_VAL,FETCH_OBJ_IS
SEND_VAL,FETCH_OBJ_R
SEND_VAL,FETCH_OBJ_W
SEND_VAL,FETCH_R
SEND_VAL,FETCH_THIS
SEND_VAL,FETCH_W
SEND_VAL,GET_CLASS
SEND_VAL,INIT_ARRAY
SEND_VAL,INIT_FCALL
SEND_VAL,IS_EQUAL
SEND_VAL,IS_IDENTICAL
SEND_VAL,IS_NOT_EQUAL
SEND_VAL,IS_SMALLER
SEND_VAL,JMPNZ_EX
SEND_VAL,JMPZ
SEND_VAL,JMPZ_EX
SEND_VAL,JMP_FRAMELESS
SEND_VAL,MOD
SEND_VAL,MUL
SEND_VAL,NEW
SEND_VAL,NOP
SEND_VAL,OFF
SEND_VAL,OP_DATA
SEND_VAL,POST_DEC_OBJ
SEND_VAL,POST_INC
SEND_VAL,PRE_INC
SEND_VAL,PRE_INC_OBJ
SEND_VAL,QM_ASSIGN
SEND_VAL,RETURN
SEND_VAL,ROPE_INIT
SEND_VAL,SEND_REF
SEND_VAL,SEND_VAL
SEND_VAL,SEND_VAL_EX
SEND_VAL,SEND_VAR
SEND_VAL,SEND_VAR_EX
SEND_VAL,SL
SEND_VAL,SR
SEND_VAL,STRLEN
SEND_VAL,SUB
SEND_VAL,TYPE_CHECK
SEND_VAL_EX,ADD
SEND_VAL_EX,ASSIGN
SEND_VAL_EX,BEGIN_SILENCE
SEND_VAL_EX,BIND_LEXICAL
SEND_VAL_EX,BOOL
SEND_VAL_EX,BOOL_NOT
SEND_VAL_EX,BW_AND
SEND_VAL_EX,BW_OR
SEND_VAL_EX,CAST
SEND_VAL_EX,CHECK_FUNC_ARG
SEND_VAL_EX,COALESCE
SEND_VAL_EX,CONCAT
SEND_VAL_EX,COUNT
SEND_VAL_EX,DEFINED
SEND_VAL_EX,DIV
SEND_VAL_EX,DO_FCALL
SEND_VAL_EX,FETCH_CLASS
SEND_VAL_EX,FETCH_CONSTANT
SEND_VAL_EX,FETCH_DIM_IS
SEND_VAL_EX,FETCH_DIM_R
SEND_VAL_EX,FETCH_DIM_W
SEND_VAL_EX,FETCH_GLOBALS
SEND_VAL_EX,FETCH_IS
SEND_VAL_EX,FETCH_OBJ_IS
SEND_VAL_EX,FETCH_OBJ_R
SEND_VAL_EX,FETCH_OBJ_W
SEND_VAL_EX,FETCH_R
SEND_VAL_EX,FETCH_THIS
SEND_VAL_EX,FUNC_GET_ARGS
SEND_VAL_EX,GET_CLASS
SEND_VAL_EX,GET_TYPE
SEND_VAL_EX,INCLUDE_OR_EVAL
SEND_VAL_EX,INIT_ARRAY
SEND_VAL_EX,INIT_FCALL
SEND_VAL_EX,IN_ARRAY
SEND_VAL_EX,IS_EQUAL
SEND_VAL_EX,IS_IDENTICAL
SEND_VAL_EX,IS_NOT_EQUAL
SEND_VAL_EX,IS_SMALLER
SEND_VAL_EX,JMPNZ_EX
SEND_VAL_EX,JMPZ
SEND_VAL_EX,JMPZ_EX
SEND_VAL_EX,JMP_FRAMELESS
SEND_VAL_EX,JMP_SET
SEND_VAL_EX,MOD
SEND_VAL_EX,MUL
SEND_VAL_EX,NEW
SEND_VAL_EX,NOP
SEND_VAL_EX,OP_DATA
SEND_VAL_EX,POST_DEC_OBJ
SEND_VAL_EX,POST_INC
SEND_VAL_EX,PRE_INC
SEND_VAL_EX,PRE_INC_OBJ
SEND_VAL_EX,ROPE_INIT
SEND_VAL_EX,SEND_REF
SEND_VAL_EX,SEND_VAL
SEND_VAL_EX,SEND_VAL_EX
SEND_VAL_EX,SEND_VAR
SEND_VAL_EX,SEND_VAR_EX
SEND_VAL_EX,SL
SEND_VAL_EX,SR
SEND_VAL_EX,STRLEN
SEND_VAL_EX,SUB
SEND_VAL_EX,TYPE_CHECK
SEND_VAR,ADD
SEND_VAR,ASSIGN
SEND_VAR,ASSIGN_DIM
SEND_VAR,ASSIGN_OBJ
SEND_VAR,ASSIGN_OP
SEND_VAR,BEGIN_SILENCE
SEND_VAR,BIND_LEXICAL
SEND_VAR,BOOL_NOT
SEND_VAR,BW_AND
SEND_VAR,CAST
SEND_VAR,CHECK_FUNC_ARG
SEND_VAR,CONCAT
SEND_VAR,COUNT
SEND_VAR,DIV
SEND_VAR,DO_FCALL
SEND_VAR,DO_ICALL
SEND_VAR,ECHO
SEND_VAR,END_SILENCE
SEND_VAR,FETCH_CONSTANT
SEND_VAR,FETCH_DIM_R
SEND_VAR,FETCH_DIM_W
SEND_VAR,FETCH_OBJ_IS
SEND_VAR,FETCH_OBJ_R
SEND_VAR,FETCH_OBJ_W
SEND_VAR,FETCH_R
SEND_VAR,FETCH_THIS
SEND_VAR,FETCH_W
SEND_VAR,GET_TYPE
SEND_VAR,INCLUDE_OR_EVAL
SEND_VAR,INIT_ARRAY
SEND_VAR,INIT_FCALL
SEND_VAR,IS_EQUAL
SEND_VAR,IS_IDENTICAL
SEND_VAR,IS_NOT_EQUAL
SEND_VAR,IS_SMALLER
SEND_VAR,JMP
SEND_VAR,JMPNZ_EX
SEND_VAR,JMPZ
SEND_VAR,JMPZ_EX
SEND_VAR,MOD
SEND_VAR,MUL
SEND_VAR,NEW
SEND_VAR,NOP
SEND_VAR,OFF
SEND_VAR,OP_DATA
SEND_VAR,POST_INC
SEND_VAR,PRE_DEC
SEND_VAR,PRE_INC
SEND_VAR,QM_ASSIGN
SEND_VAR,RETURN
SEND_VAR,ROPE_INIT
SEND_VAR,SEND_REF
SEND_VAR,SEND_VAL
SEND_VAR,SEND_VAL_EX
SEND_VAR,SEND_VAR
SEND_VAR,SEND_VAR_EX
SEND_VAR,SL
SEND_VAR,SR
SEND_VAR,STRLEN
SEND_VAR,SUB
SEND_VAR,TYPE_CHECK
SEND_VAR_EX,ADD
SEND_VAR_EX,ASSIGN
SEND_VAR_EX,BEGIN_SILENCE
SEND_VAR_EX,BIND_LEXICAL
SEND_VAR_EX,BOOL
SEND_VAR_EX,BOOL_NOT
SEND_VAR_EX,BW_AND
SEND_VAR_EX,BW_OR
SEND_VAR_EX,CAST
SEND_VAR_EX,CHECK_FUNC_ARG
SEND_VAR_EX,CONCAT
SEND_VAR_EX,COUNT
SEND_VAR_EX,DIV
SEND_VAR_EX,DO_FCALL
SEND_VAR_EX,FETCH_CLASS
SEND_VAR_EX,FETCH_CONSTANT
SEND_VAR_EX,FETCH_DIM_IS
SEND_VAR_EX,FETCH_DIM_R
SEND_VAR_EX,FETCH_IS
SEND_VAR_EX,FETCH_OBJ_IS
SEND_VAR_EX,FETCH_OBJ_R
SEND_VAR_EX,FETCH_R
SEND_VAR_EX,FETCH_THIS
SEND_VAR_EX,INCLUDE_OR_EVAL
SEND_VAR_EX,INIT_ARRAY
SEND_VAR_EX,INIT_FCALL
SEND_VAR_EX,INIT_USER_CALL
SEND_VAR_EX,IS_EQUAL
SEND_VAR_EX,IS_IDENTICAL
SEND_VAR_EX,IS_NOT_EQUAL
SEND_VAR_EX,IS_SMALLER
SEND_VAR_EX,JMPNZ_EX
SEND_VAR_EX,JMPZ
SEND_VAR_EX,JMPZ_EX
SEND_VAR_EX,JMP_FRAMELESS
SEND_VAR_EX,JMP_SET
SEND_VAR_EX,MOD
SEND_VAR_EX,MUL
SEND_VAR_EX,NEW
SEND_VAR_EX,NOP
SEND_VAR_EX,OP_DATA
SEND_VAR_EX,POST_INC
SEND_VAR_EX,PRE_DEC
SEND_VAR_EX,PRE_INC
SEND_VAR_EX,PRE_INC_OBJ
SEND_VAR_EX,ROPE_INIT
SEND_VAR_EX,SEND_UNPACK
SEND_VAR_EX,SEND_VAL
SEND_VAR_EX,SEND_VAL_EX
SEND_VAR_EX,SEND_VAR
SEND_VAR_EX,SEND_VAR_EX
SEND_VAR_EX,SL
SEND_VAR_EX,SR
SEND_VAR_EX,STRLEN
SEND_VAR_EX,SUB
SEND_VAR_EX,TYPE_CHECK
SEND_VAR_NO_REF,DO_ICALL
SEPARATE,ASSIGN_OBJ
SEPARATE,BOOL_NOT
SEPARATE,CAST
SEPARATE,CONCAT
SEPARATE,DO_FCALL
SEPARATE,FETCH_OBJ_R
SEPARATE,FETCH_OBJ_UNSET
SEPARATE,FETCH_OBJ_W
SEPARATE,FE_RESET_RW
SEPARATE,INIT_FCALL
SEPARATE,IS_NOT_EQUAL
SEPARATE,NEW
SEPARATE,NOP
SEPARATE,SEND_VAL_EX
SEPARATE,SUB
SEPARATE,UNSET_DIM
SEPARATE,UNSET_OBJ
SL,ADD
SL,ASSIGN
SL,ASSIGN_DIM
SL,ASSIGN_DIM_OP
SL,ASSIGN_OBJ
SL,ASSIGN_OBJ_OP
SL,ASSIGN_OP
SL,BOOL
SL,BW_AND
SL,BW_OR
SL,BW_XOR
SL,CAST
SL,CHECK_FUNC_ARG
SL,CONCAT
SL,DIV
SL,DO_FCALL
SL,FETCH_DIM_R
SL,FETCH_DIM_W
SL,FETCH_OBJ_R
SL,FETCH_OBJ_W
SL,FETCH_R
SL,INIT_ARRAY
SL,INIT_FCALL
SL,POST_INC
SL,PRE_INC
SL,RETURN
SL,SEND_VAL
SL,SEND_VAL_EX
SL,SEND_VAR_EX
SL,SL
SL,SR
SL,SUB
SR,ADD
SR,ASSIGN
SR,ASSIGN_DIM
SR,ASSIGN_OBJ
SR,ASSIGN_OP
SR,BOOL
SR,BW_AND
SR,BW_NOT
SR,BW_OR
SR,BW_XOR
SR,CAST
SR,CONCAT
SR,COUNT
SR,DO_FCALL
SR,FETCH_DIM_R
SR,FETCH_DIM_W
SR,FETCH_OBJ_R
SR,IS_EQUAL
SR,IS_IDENTICAL
SR,IS_SMALLER
SR,JMPNZ
SR,JMPZ
SR,MUL
SR,OP_DATA
SR,QM_ASSIGN
SR,RETURN
SR,SEND_FUNC_ARG
SR,SEND_VAL
SR,SEND_VAL_EX
SR,SEND_VAR_EX
SR,SL
SR,SUB
STRLEN,ADD
STRLEN,ASSIGN
STRLEN,ASSIGN_DIM
STRLEN,ASSIGN_OBJ
STRLEN,ASSIGN_OBJ_OP
STRLEN,ASSIGN_OP
STRLEN,BOOL
STRLEN,BOOL_NOT
STRLEN,BW_AND
STRLEN,BW_OR
STRLEN,BW_XOR
STRLEN,CASE
STRLEN,CAST
STRLEN,CHECK_FUNC_ARG
STRLEN,CONCAT
STRLEN,COUNT
STRLEN,DIV
STRLEN,ECHO
STRLEN,END_SILENCE
STRLEN,FETCH_CONSTANT
STRLEN,FETCH_DIM_R
STRLEN,FETCH_DIM_RW
STRLEN,FETCH_DIM_W
STRLEN,FETCH_OBJ_R
STRLEN,FETCH_OBJ_RW
STRLEN,FETCH_OBJ_W
STRLEN,FETCH_R
STRLEN,FETCH_RW
STRLEN,FETCH_W
STRLEN,FREE
STRLEN,INIT_ARRAY
STRLEN,INIT_FCALL
STRLEN,IS_EQUAL
STRLEN,IS_IDENTICAL
STRLEN,IS_NOT_EQUAL
STRLEN,IS_SMALLER
STRLEN,JMPNZ
STRLEN,JMPNZ_EX
STRLEN,JMPZ
STRLEN,JMPZ_EX
STRLEN,MOD
STRLEN,MUL
STRLEN,OP_DATA
STRLEN,POST_INC
STRLEN,QM_ASSIGN
STRLEN,RETURN
STRLEN,ROPE_INIT
STRLEN,SEND_USER
STRLEN,SEND_VAL
STRLEN,SEND_VAL_EX
STRLEN,STRLEN
STRLEN,SUB
STRLEN,SWITCH_LONG
SUB,ADD
SUB,ASSIGN
SUB,ASSIGN_DIM
SUB,ASSIGN_DIM_OP
SUB,ASSIGN_OBJ
SUB,ASSIGN_OBJ_OP
SUB,ASSIGN_OP
SUB,BEGIN_SILENCE
SUB,BOOL
SUB,BOOL_NOT
SUB,BW_AND
SUB,BW_NOT
SUB,BW_XOR
SUB,CASE
SUB,CAST
SUB,CHECK_FUNC_ARG
SUB,CONCAT
SUB,COUNT
SUB,DIV
SUB,DO_FCALL
SUB,ECHO
SUB,FETCH_CONSTANT
SUB,FETCH_DIM_IS
SUB,FETCH_DIM_R
SUB,FETCH_DIM_RW
SUB,FETCH_DIM_W
SUB,FETCH_IS
SUB,FETCH_OBJ_IS
SUB,FETCH_OBJ_R
SUB,FETCH_OBJ_RW
SUB,FETCH_OBJ_UNSET
SUB,FETCH_OBJ_W
SUB,FETCH_R
SUB,FETCH_UNSET
SUB,FETCH_W
SUB,FREE
SUB,INIT_ARRAY
SUB,INIT_FCALL
SUB,IS_EQUAL
SUB,IS_IDENTICAL
SUB,IS_NOT_EQUAL
SUB,IS_SMALLER
SUB,JMPNZ
SUB,JMPNZ_EX
SUB,JMPZ
SUB,JMPZ_EX
SUB,JMP_FRAMELESS
SUB,MOD
SUB,MUL
SUB,OP_DATA
SUB,QM_ASSIGN
SUB,RETURN
SUB,ROPE_INIT
SUB,SEND_FUNC_ARG
SUB,SEND_VAL
SUB,SEND_VAL_EX
SUB,SEND_VAR
SUB,SEND_VAR_EX
SUB,SL
SUB,SR
SUB,STRLEN
SUB,SUB
SUB,UNSET_DIM
SWITCH_LONG,CASE
SWITCH_LONG,IS_EQUAL
SWITCH_STRING,CASE
SWITCH_STRING,IS_EQUAL
THROW,ADD
THROW,ASSIGN
THROW,ASSIGN_DIM
THROW,ASSIGN_OBJ
THROW,ASSIGN_OBJ_OP
THROW,ASSIGN_OP
THROW,BEGIN_SILENCE
THROW,BIND_LEXICAL
THROW,BIND_STATIC
THROW,BOOL
THROW,BOOL_NOT
THROW,BW_AND
THROW,BW_XOR
THROW,CAST
THROW,CHECK_FUNC_ARG
THROW,CLONE
THROW,CONCAT
THROW,COUNT
THROW,DECLARE_CLASS
THROW,DO_FCALL
THROW,ECHO
THROW,FETCH_CLASS
THROW,FETCH_CONSTANT
THROW,FETCH_DIM_IS
THROW,FETCH_DIM_R
THROW,FETCH_DIM_UNSET
THROW,FETCH_DIM_W
THROW,FETCH_IS
THROW,FETCH_OBJ_IS
THROW,FETCH_OBJ_R
THROW,FETCH_OBJ_UNSET
THROW,FETCH_OBJ_W
THROW,FETCH_R
THROW,FETCH_THIS
THROW,FE_FREE
THROW,FE_RESET_R
THROW,FE_RESET_RW
THROW,FREE
THROW,FUNC_NUM_ARGS
THROW,GET_CLASS
THROW,INCLUDE_OR_EVAL
THROW,INIT_ARRAY
THROW,INIT_FCALL
THROW,INIT_USER_CALL
THROW,INSTANCEOF
THROW,IS_EQUAL
THROW,IS_IDENTICAL
THROW,IS_NOT_EQUAL
THROW,IS_SMALLER
THROW,JMP
THROW,JMPNZ
THROW,JMPNZ_EX
THROW,JMPZ
THROW,JMPZ_EX
THROW,JMP_FRAMELESS
THROW,JMP_SET
THROW,MOD
THROW,MUL
THROW,NEW
THROW,NOP
THROW,OP_DATA
THROW,PRE_DEC
THROW,PRE_INC
THROW,PRE_INC_OBJ
THROW,QM_ASSIGN
THROW,RETURN
THROW,RETURN_BY_REF
THROW,ROPE_INIT
THROW,SEND_VAL
THROW,SEND_VAL_EX
THROW,SEND_VAR
THROW,SEND_VAR_EX
THROW,SR
THROW,STRLEN
THROW,SUB
THROW,SWITCH_LONG
THROW,SWITCH_STRING
THROW,THROW
THROW,TYPE_CHECK
THROW,UNSET_CV
THROW,UNSET_DIM
THROW,UNSET_OBJ
TICKS,ECHO
TICKS,INIT_FCALL
TICKS,RETURN
TICKS,SEND_VAL_EX
TYPE_CHECK,ASSIGN
TYPE_CHECK,ASSIGN_DIM
TYPE_CHECK,ASSIGN_OBJ
TYPE_CHECK,BOOL
TYPE_CHECK,BOOL_NOT
TYPE_CHECK,BOOL_XOR
TYPE_CHECK,CAST
TYPE_CHECK,DO_FCALL
TYPE_CHECK,END_SILENCE
TYPE_CHECK,FETCH_OBJ_W
TYPE_CHECK,FE_FREE
TYPE_CHECK,INIT_ARRAY
TYPE_CHECK,INIT_FCALL
TYPE_CHECK,IS_EQUAL
TYPE_CHECK,IS_NOT_EQUAL
TYPE_CHECK,JMPNZ
TYPE_CHECK,JMPNZ_EX
TYPE_CHECK,JMPZ
TYPE_CHECK,JMPZ_EX
TYPE_CHECK,JMP_SET
TYPE_CHECK,OP_DATA
TYPE_CHECK,QM_ASSIGN
TYPE_CHECK,RETURN
TYPE_CHECK,SEND_VAL
TYPE_CHECK,SEND_VAL_EX
TYPE_CHECK,TYPE_CHECK
UNSET_CV,ASSIGN
UNSET_CV,ASSIGN_DIM
UNSET_CV,ASSIGN_OBJ
UNSET_CV,BEGIN_SILENCE
UNSET_CV,BIND_LEXICAL
UNSET_CV,BOOL
UNSET_CV,BOOL_NOT
UNSET_CV,CHECK_FUNC_ARG
UNSET_CV,CONCAT
UNSET_CV,COUNT
UNSET_CV,DEFINED
UNSET_CV,DO_FCALL
UNSET_CV,ECHO
UNSET_CV,FETCH_CONSTANT
UNSET_CV,FETCH_DIM_IS
UNSET_CV,FETCH_DIM_R
UNSET_CV,FETCH_DIM_W
UNSET_CV,FETCH_IS
UNSET_CV,FETCH_OBJ_R
UNSET_CV,FETCH_OBJ_UNSET
UNSET_CV,FETCH_R
UNSET_CV,FETCH_THIS
UNSET_CV,FETCH_UNSET
UNSET_CV,FE_RESET_R
UNSET_CV,FE_RESET_RW
UNSET_CV,INCLUDE_OR_EVAL
UNSET_CV,INIT_ARRAY
UNSET_CV,INIT_FCALL
UNSET_CV,INSTANCEOF
UNSET_CV,IS_EQUAL
UNSET_CV,IS_IDENTICAL
UNSET_CV,IS_NOT_EQUAL
UNSET_CV,IS_SMALLER
UNSET_CV,JMP
UNSET_CV,JMPNZ
UNSET_CV,JMPNZ_EX
UNSET_CV,JMPZ
UNSET_CV,JMPZ_EX
UNSET_CV,JMP_FRAMELESS
UNSET_CV,NEW
UNSET_CV,NOP
UNSET_CV,OP_DATA
UNSET_CV,PRE_DEC
UNSET_CV,PRE_INC
UNSET_CV,RETURN
UNSET_CV,ROPE_INIT
UNSET_CV,SEND_VAL_EX
UNSET_CV,SEND_VAR
UNSET_CV,SEND_VAR_EX
UNSET_CV,SUB
UNSET_CV,TYPE_CHECK
UNSET_CV,UNSET_CV
UNSET_CV,UNSET_DIM
UNSET_DIM,ADD
UNSET_DIM,ASSIGN
UNSET_DIM,ASSIGN_DIM
UNSET_DIM,ASSIGN_DIM_OP
UNSET_DIM,ASSIGN_OBJ
UNSET_DIM,ASSIGN_OP
UNSET_DIM,BEGIN_SILENCE
UNSET_DIM,BIND_STATIC
UNSET_DIM,BOOL_NOT
UNSET_DIM,CAST
UNSET_DIM,CHECK_FUNC_ARG
UNSET_DIM,CONCAT
UNSET_DIM,COUNT
UNSET_DIM,DEFINED
UNSET_DIM,DO_FCALL
UNSET_DIM,ECHO
UNSET_DIM,FAST_RET
UNSET_DIM,FETCH_CLASS
UNSET_DIM,FETCH_CONSTANT
UNSET_DIM,FETCH_DIM_IS
UNSET_DIM,FETCH_DIM_R
UNSET_DIM,FETCH_DIM_RW
UNSET_DIM,FETCH_DIM_UNSET
UNSET_DIM,FETCH_DIM_W
UNSET_DIM,FETCH_IS
UNSET_DIM,FETCH_OBJ_IS
UNSET_DIM,FETCH_OBJ_R
UNSET_DIM,FETCH_OBJ_RW
UNSET_DIM,FETCH_OBJ_UNSET
UNSET_DIM,FETCH_OBJ_W
UNSET_DIM,FETCH_R
UNSET_DIM,FETCH_THIS
UNSET_DIM,FETCH_UNSET
UNSET_DIM,FETCH_W
UNSET_DIM,FE_FREE
UNSET_DIM,FE_RESET_R
UNSET_DIM,INCLUDE_OR_EVAL
UNSET_DIM,INIT_ARRAY
UNSET_DIM,INIT_FCALL
UNSET_DIM,INIT_USER_CALL
UNSET_DIM,IS_EQUAL
UNSET_DIM,IS_IDENTICAL
UNSET_DIM,IS_NOT_EQUAL
UNSET_DIM,JMP
UNSET_DIM,JMPNZ_EX
UNSET_DIM,JMPZ
UNSET_DIM,JMPZ_EX
UNSET_DIM,JMP_FRAMELESS
UNSET_DIM,NEW
UNSET_DIM,NOP
UNSET_DIM,OP_DATA
UNSET_DIM,PRE_DEC
UNSET_DIM,PRE_DEC_OBJ
UNSET_DIM,PRE_INC
UNSET_DIM,PRE_INC_OBJ
UNSET_DIM,QM_ASSIGN
UNSET_DIM,RETURN
UNSET_DIM,ROPE_INIT
UNSET_DIM,SEND_VAL
UNSET_DIM,SEND_VAL_EX
UNSET_DIM,SEND_VAR
UNSET_DIM,SEND_VAR_EX
UNSET_DIM,STRLEN
UNSET_DIM,SUB
UNSET_DIM,SWITCH_STRING
UNSET_DIM,TYPE_CHECK
UNSET_DIM,UNSET_CV
UNSET_DIM,UNSET_DIM
UNSET_DIM,UNSET_OBJ
UNSET_OBJ,ASSIGN
UNSET_OBJ,ASSIGN_DIM
UNSET_OBJ,ASSIGN_OBJ
UNSET_OBJ,ASSIGN_OBJ_OP
UNSET_OBJ,BOOL_NOT
UNSET_OBJ,CHECK_FUNC_ARG
UNSET_OBJ,DO_FCALL
UNSET_OBJ,ECHO
UNSET_OBJ,FETCH_DIM_R
UNSET_OBJ,FETCH_DIM_UNSET
UNSET_OBJ,FETCH_OBJ_IS
UNSET_OBJ,FETCH_OBJ_R
UNSET_OBJ,FETCH_OBJ_UNSET
UNSET_OBJ,FETCH_OBJ_W
UNSET_OBJ,FETCH_THIS
UNSET_OBJ,FETCH_UNSET
UNSET_OBJ,FE_FREE
UNSET_OBJ,FE_RESET_R
UNSET_OBJ,INIT_ARRAY
UNSET_OBJ,INIT_FCALL
UNSET_OBJ,IS_NOT_EQUAL
UNSET_OBJ,JMP
UNSET_OBJ,JMPZ
UNSET_OBJ,JMPZ_EX
UNSET_OBJ,NEW
UNSET_OBJ,PRE_INC
UNSET_OBJ,RETURN
UNSET_OBJ,SEND_VAL_EX
UNSET_OBJ,SEND_VAR
UNSET_OBJ,SEND_VAR_EX
UNSET_OBJ,THROW
UNSET_OBJ,UNSET_DIM
UNSET_OBJ,UNSET_OBJ
UNSET_VAR,ASSIGN
UNSET_VAR,CONCAT
UNSET_VAR,DO_FCALL
UNSET_VAR,FETCH_IS
UNSET_VAR,FETCH_R
UNSET_VAR,FE_FREE
UNSET_VAR,INIT_FCALL
UNSET_VAR,JMP
UNSET_VAR,NEW
UNSET_VAR,RETURN
UNSET_VAR,SEND_VAL_EX
UNSET_VAR,SEND_VAR_EX
UNSET_VAR,UNSET_VAR
YIELD,ASSIGN
YIELD,CONCAT
YIELD,DO_FCALL
YIELD,INIT_ARRAY
YIELD,JMP
YIELD,NEW
YIELD,PRE_INC
YIELD,RECV
YIELD,RETURN
YIELD,SEND_VAL_EX
YIELD,YIELD
