name,ScanTime
01simple-download-pdf.php,03/08/2025-13:41:53
AbstractPlatform.php,03/08/2025-13:41:53
AccessCollections.php,03/08/2025-13:41:53
access_1.php,03/08/2025-13:41:53
acp_service.php,03/08/2025-13:41:53
ActionsService.php,03/08/2025-13:41:53
add_7.php,03/08/2025-13:41:53
admin_12.php,03/08/2025-13:41:53
adodb-pear.inc.php,03/08/2025-13:41:53
adodb-time.inc_helper.php,03/08/2025-13:41:53
AglInstaller.php,03/08/2025-13:41:53
ajax-actions.php,03/08/2025-13:41:53
ajax_4.php,03/08/2025-13:41:53
Worksheet.php,03/08/2025-13:41:53
wp-settings.php,03/08/2025-13:41:53
wrapper.php,03/08/2025-13:41:53
yiilite.php,03/08/2025-13:41:53
zh.php,03/08/2025-13:41:53
zhanzhanglogin.php,03/08/2025-13:41:53
_themosisUserCore.scout.php,03/08/2025-13:41:53
admin_21.php,03/08/2025-13:41:53
WxPay.Config.php,03/08/2025-13:41:53
_statisticsoutput_footer.php,03/08/2025-13:41:53
